crop_type,temperature,humidity,sunlight_hours,water_ph,air_quality_index,wind_speed,suitability_percentage,suitability_class
lettuce,10.27,77,4.1,6.12,53,1.14,54.56,1
lettuce,12.45,78,6.0,6.24,25,0.76,60.77,1
lettuce,37.77,70,5.8,6.05,57,0.82,60.33,1
lettuce,21.56,67,6.0,5.8,53,1.04,74.38,2
lettuce,21.19,58,5.3,5.98,17,1.27,85.55,2
lettuce,23.15,72,4.5,6.11,70,0.73,71.17,2
lettuce,19.45,66,4.4,5.93,52,0.3,78.83,2
lettuce,26.93,66,6.4,5.82,60,0.75,60.29,1
lettuce,24.18,62,5.5,5.48,27,1.25,68.57,1
lettuce,24.15,68,5.0,5.93,61,1.21,76.05,2
lettuce,20.07,63,4.7,5.96,97,0.13,73.23,2
lettuce,24.51,68,4.7,5.94,38,0.89,79.61,2
lettuce,17.85,66,7.1,5.96,55,1.42,65.9,1
lettuce,18.66,64,5.1,5.86,11,0.96,90.94,2
lettuce,12.34,63,5.1,6.14,37,0.98,73.3,2
lettuce,27.42,58,5.0,5.99,39,0.22,69.29,1
lettuce,17.35,65,5.4,6.11,11,0.79,86.75,2
lettuce,11.5,64,4.6,6.63,41,0.85,59.65,1
lettuce,20.46,61,5.9,5.88,53,1.2,76.6,2
lettuce,47.38,60,3.9,6.08,25,1.48,58.65,1
lettuce,23.88,56,3.6,6.26,38,0.72,64.21,1
lettuce,45.24,58,4.6,6.25,52,0.81,59.08,1
lettuce,49.36,66,4.9,6.3,64,1.15,60.0,1
lettuce,17.84,62,5.1,6.21,48,0.75,79.98,2
lettuce,33.26,65,4.4,6.14,54,1.08,62.2,1
lettuce,19.43,74,4.9,5.69,32,1.49,77.16,2
lettuce,40.73,65,4.4,5.82,65,1.09,59.48,1
lettuce,26.23,62,4.4,5.7,47,0.84,67.21,1
lettuce,24.69,71,4.8,6.13,33,0.74,76.69,2
lettuce,24.42,63,4.7,6.1,46,1.33,74.66,2
lettuce,24.61,56,5.1,6.14,50,1.45,69.81,1
lettuce,20.88,58,5.4,6.22,55,1.29,74.92,2
lettuce,19.66,69,5.6,5.97,41,0.76,84.22,2
lettuce,19.71,63,3.7,6.11,63,0.66,73.97,2
lettuce,19.9,67,5.2,6.16,43,0.69,85.18,2
lettuce,21.46,74,5.2,5.95,56,1.14,78.75,2
lettuce,18.47,70,3.7,5.59,62,0.76,64.99,1
lettuce,21.51,57,4.6,5.78,56,0.52,73.08,2
lettuce,22.3,69,6.1,6.24,45,1.17,70.6,2
lettuce,20.99,68,4.3,5.9,0,1.1,87.6,2
lettuce,11.59,67,5.2,6.08,52,0.92,70.25,2
lettuce,10.55,69,6.0,6.02,55,0.93,61.78,1
lettuce,21.55,66,4.0,5.86,38,0.92,79.6,2
lettuce,18.8,64,6.4,5.88,34,1.34,74.87,2
lettuce,22.05,54,4.2,5.58,40,0.93,69.08,1
lettuce,21.62,59,4.2,5.93,17,0.43,79.61,2
lettuce,20.95,61,2.9,5.96,23,0.82,75.8,2
lettuce,14.0,62,4.9,6.55,71,1.04,61.75,1
lettuce,16.83,70,4.2,6.0,49,0.0,69.49,1
lettuce,19.45,73,4.7,6.12,24,1.0,85.42,2
lettuce,35.83,64,5.3,5.95,60,0.53,63.17,1
lettuce,38.02,57,6.1,6.17,65,0.6,51.02,1
lettuce,24.2,59,5.9,6.01,8,0.73,78.9,2
lettuce,20.03,72,5.0,5.75,52,0.56,79.94,2
lettuce,19.45,59,6.3,6.23,56,1.62,66.22,1
lettuce,25.27,56,3.7,5.97,39,0.94,67.78,1
lettuce,19.32,55,5.9,5.93,48,1.33,73.91,2
lettuce,27.12,65,4.8,6.13,47,0.95,73.41,2
lettuce,35.56,50,5.7,5.95,34,0.85,60.17,1
lettuce,21.3,65,5.2,5.9,48,0.7,84.23,2
lettuce,38.12,60,6.4,5.76,42,0.95,54.78,1
lettuce,13.98,57,4.8,5.77,65,1.16,64.86,1
lettuce,40.32,71,4.9,5.89,67,0.27,57.63,1
lettuce,19.94,54,4.7,6.17,42,0.77,80.65,2
lettuce,46.96,52,5.5,6.43,77,0.5,44.98,0
lettuce,21.76,69,4.4,6.22,62,0.05,68.16,1
lettuce,24.56,56,5.1,5.95,29,0.91,79.71,2
lettuce,20.26,63,5.4,6.21,48,0.98,82.61,2
lettuce,18.77,61,5.2,5.99,61,0.57,80.92,2
lettuce,20.11,76,4.2,6.21,55,0.89,74.83,2
lettuce,21.95,57,3.9,6.32,40,0.51,67.53,1
lettuce,25.01,71,5.8,6.01,82,0.99,66.36,1
lettuce,18.46,69,3.5,5.88,47,1.3,70.1,2
lettuce,13.43,63,5.8,5.65,73,0.76,59.53,1
lettuce,20.35,72,6.7,6.35,23,1.03,71.13,2
lettuce,21.91,67,7.0,6.06,53,1.24,67.31,1
lettuce,30.27,64,6.2,5.74,47,0.75,56.22,1
lettuce,45.17,55,5.5,6.03,100,0.65,51.9,1
lettuce,48.3,60,4.6,5.92,54,0.3,58.9,1
lettuce,25.43,54,6.2,5.95,53,1.14,62.81,1
lettuce,26.75,63,5.0,5.73,60,0.87,69.85,1
lettuce,15.59,74,4.6,5.94,70,0.6,68.31,1
lettuce,16.87,65,5.2,5.76,41,1.45,76.02,2
lettuce,37.39,64,6.7,6.2,62,0.87,52.17,1
lettuce,49.13,42,5.3,6.14,43,1.08,54.78,1
lettuce,15.1,62,5.0,6.32,60,0.71,70.72,2
lettuce,36.67,68,4.1,6.35,63,0.7,52.58,1
lettuce,19.12,63,4.9,5.67,42,1.36,79.06,2
lettuce,18.22,64,5.2,5.64,28,0.88,82.41,2
lettuce,20.66,52,5.1,5.79,28,1.01,81.65,2
lettuce,23.44,71,5.2,6.2,45,0.92,76.95,2
lettuce,19.33,61,6.1,6.12,24,1.56,76.51,2
lettuce,21.95,63,4.6,5.74,55,1.27,74.65,2
lettuce,20.53,62,5.7,6.17,39,0.17,76.21,2
lettuce,20.11,65,4.0,5.95,33,0.48,82.28,2
lettuce,18.49,69,5.4,5.85,47,1.19,78.73,2
lettuce,48.33,56,5.6,6.0,66,1.05,58.75,1
lettuce,20.24,61,4.5,6.22,55,1.07,78.79,2
lettuce,28.62,66,5.8,5.93,55,0.89,65.61,1
lettuce,20.75,57,5.5,5.79,65,0.69,73.97,2
lettuce,19.57,61,6.4,5.87,43,0.93,76.62,2
lettuce,20.11,70,5.0,6.05,42,0.62,86.95,2
lettuce,17.66,68,5.0,5.75,40,0.7,80.49,2
lettuce,19.95,55,4.2,5.66,32,0.98,76.1,2
lettuce,26.71,57,4.9,5.76,36,1.13,69.11,1
lettuce,19.19,64,4.7,5.89,45,1.04,84.76,2
lettuce,21.08,65,6.5,5.81,57,0.66,71.29,2
lettuce,19.27,64,5.3,5.56,45,1.47,74.74,2
lettuce,16.08,63,4.6,6.11,39,1.29,76.21,2
lettuce,39.98,51,5.0,6.36,40,0.48,55.63,1
lettuce,7.93,59,5.6,5.76,57,0.96,57.7,1
lettuce,21.58,69,5.4,5.98,22,0.89,87.69,2
lettuce,34.38,65,6.7,5.71,51,0.79,52.03,1
lettuce,20.93,63,4.9,5.92,62,0.28,79.29,2
lettuce,37.23,68,4.2,6.32,41,0.63,57.02,1
lettuce,25.83,64,5.6,5.9,48,1.26,70.34,2
lettuce,33.21,50,5.4,6.02,63,0.48,55.1,1
lettuce,24.21,67,4.3,5.89,65,0.99,71.55,2
lettuce,5.19,67,4.5,5.82,58,0.3,56.98,1
lettuce,19.79,57,4.0,5.8,40,0.6,74.91,2
lettuce,20.83,55,4.7,5.83,25,0.7,81.86,2
lettuce,21.94,55,4.5,5.76,50,1.41,69.99,1
lettuce,19.72,60,4.5,5.68,36,0.52,77.62,2
lettuce,27.48,58,4.6,6.21,47,0.6,64.01,1
lettuce,18.7,74,4.5,6.13,40,0.3,74.88,2
lettuce,23.18,77,5.3,6.01,44,0.94,77.52,2
lettuce,22.51,70,4.6,5.88,68,0.46,72.08,2
lettuce,19.93,54,5.6,5.84,35,0.32,75.99,2
lettuce,14.17,59,3.9,6.04,40,1.28,66.46,1
lettuce,42.68,64,6.2,5.96,39,0.66,61.2,1
lettuce,10.85,61,5.0,6.37,46,1.1,62.97,1
lettuce,19.17,62,5.8,5.71,32,1.06,78.37,2
lettuce,17.74,58,4.6,5.84,52,0.64,74.95,2
lettuce,28.71,65,4.6,5.85,39,0.78,69.08,1
lettuce,43.49,60,5.9,6.01,51,0.37,57.63,1
lettuce,33.85,51,4.6,6.1,61,1.37,53.92,1
lettuce,38.97,62,3.4,6.09,42,0.68,55.87,1
lettuce,27.06,60,5.3,5.71,39,0.95,68.41,1
lettuce,27.82,64,6.3,5.78,45,0.71,60.63,1
lettuce,19.93,62,6.0,5.82,43,1.13,78.18,2
lettuce,23.38,60,6.0,5.71,45,0.97,69.36,1
lettuce,9.51,65,5.9,5.66,59,1.28,53.45,1
lettuce,21.39,69,3.8,6.05,52,0.81,75.8,2
lettuce,22.53,65,5.0,5.69,21,1.13,83.32,2
lettuce,26.8,62,6.5,5.56,42,0.43,53.93,1
lettuce,18.73,64,4.2,5.76,69,0.75,73.41,2
lettuce,17.89,61,4.8,6.14,71,1.03,76.56,2
lettuce,17.85,70,5.3,6.03,35,0.71,82.93,2
lettuce,17.88,57,5.7,6.02,46,0.94,78.11,2
lettuce,18.06,57,6.1,5.94,51,0.78,73.17,2
lettuce,32.22,65,5.0,6.38,52,0.7,62.07,1
lettuce,13.93,58,5.7,6.27,64,1.58,57.38,1
lettuce,16.89,70,4.4,6.16,58,0.81,73.16,2
lettuce,22.55,69,6.1,5.83,8,0.9,79.92,2
lettuce,19.83,59,5.9,6.17,12,0.72,83.01,2
lettuce,6.35,64,4.8,6.23,42,0.91,66.32,1
lettuce,24.14,67,5.2,6.24,39,1.56,72.42,2
lettuce,20.56,63,4.4,6.28,55,1.07,77.2,2
lettuce,45.71,65,6.0,6.09,64,0.87,59.78,1
lettuce,46.29,60,4.2,6.12,56,1.23,57.02,1
lettuce,39.8,59,5.0,6.27,71,0.69,58.02,1
lettuce,46.64,63,5.4,6.05,32,0.17,63.58,1
lettuce,22.85,64,5.6,6.22,39,0.22,72.73,2
lettuce,18.39,56,5.0,6.61,45,0.94,72.25,2
lettuce,22.79,76,5.7,6.13,49,1.1,71.24,2
lettuce,19.74,81,4.7,6.27,29,0.0,71.5,2
lettuce,17.58,68,5.5,5.86,95,0.73,69.86,1
lettuce,42.07,47,5.2,6.01,93,0.62,51.47,1
lettuce,19.7,81,4.4,5.94,42,0.62,76.37,2
lettuce,24.79,52,5.0,6.05,45,0.86,75.09,2
lettuce,24.01,60,4.8,5.87,64,1.51,69.63,1
lettuce,14.33,65,4.4,5.9,48,1.39,70.08,2
lettuce,20.48,56,5.1,6.14,68,0.58,76.99,2
lettuce,24.21,62,5.6,5.78,53,0.77,71.26,2
lettuce,19.93,66,6.6,5.73,33,0.84,75.96,2
lettuce,18.68,66,5.4,5.35,50,0.12,66.03,1
lettuce,19.6,53,5.1,5.75,28,0.91,82.7,2
lettuce,35.23,58,5.1,6.37,50,1.09,58.43,1
lettuce,19.79,70,4.7,6.05,47,0.34,81.33,2
lettuce,19.66,62,5.2,5.91,59,1.08,83.19,2
lettuce,14.67,79,4.6,5.81,33,1.27,66.96,1
lettuce,25.48,49,6.1,5.73,37,0.73,59.81,1
lettuce,21.12,54,4.6,5.77,52,1.71,69.24,1
lettuce,22.02,72,5.1,5.78,61,0.83,76.56,2
lettuce,19.77,58,3.5,6.19,6,0.24,74.49,2
lettuce,26.87,76,4.7,6.0,64,1.23,65.09,1
lettuce,28.7,58,6.2,6.55,49,0.51,47.68,1
lettuce,18.65,62,5.3,6.53,55,0.56,70.95,2
lettuce,44.19,56,5.5,6.07,59,0.85,60.1,1
lettuce,24.46,65,5.1,5.42,38,1.32,68.9,1
lettuce,21.1,59,5.4,6.32,64,0.97,74.15,2
lettuce,27.01,67,4.9,6.06,51,1.4,70.36,2
lettuce,35.46,54,4.8,6.1,52,0.35,57.75,1
lettuce,19.24,61,4.3,5.98,46,0.89,83.08,2
lettuce,20.36,57,4.7,5.99,50,0.56,81.66,2
lettuce,18.2,66,7.3,6.17,42,1.3,67.17,1
lettuce,17.87,61,5.8,6.17,78,1.36,67.51,1
lettuce,5.12,61,5.2,6.17,29,0.92,68.1,1
lettuce,19.5,69,5.6,5.8,24,0.9,84.5,2
lettuce,21.4,63,3.7,5.88,57,0.66,72.55,2
lettuce,5.27,72,3.6,5.71,56,0.84,50.37,1
lettuce,19.7,60,5.6,6.4,55,0.71,73.65,2
lettuce,24.07,61,4.3,6.16,52,0.83,72.16,2
lettuce,25.27,59,5.2,6.2,73,0.26,63.46,1
lettuce,22.91,62,5.8,5.99,35,1.07,79.23,2
lettuce,39.18,63,5.4,6.09,74,0.49,58.45,1
lettuce,21.27,72,5.0,6.13,63,1.23,78.11,2
lettuce,21.69,74,6.5,6.16,17,1.64,68.67,1
lettuce,20.66,61,4.1,5.88,53,1.22,76.03,2
lettuce,21.8,63,5.4,6.4,60,0.53,71.32,2
lettuce,27.33,66,5.3,5.51,47,0.74,63.62,1
lettuce,17.74,59,5.9,5.83,47,1.01,73.58,2
lettuce,15.84,67,6.0,5.91,49,1.52,68.05,1
lettuce,30.14,56,4.7,6.03,70,0.97,60.4,1
lettuce,19.13,61,4.6,5.8,31,1.03,83.01,2
lettuce,36.74,55,3.4,6.15,61,1.27,46.75,1
lettuce,16.55,61,5.1,6.19,54,0.66,75.55,2
lettuce,17.5,55,5.3,5.39,50,2.07,57.47,1
lettuce,16.43,64,4.7,6.07,45,0.48,77.71,2
lettuce,40.39,62,4.3,6.24,88,1.13,51.87,1
lettuce,12.73,70,4.4,5.9,55,0.8,66.46,1
lettuce,20.62,56,6.1,6.25,40,1.1,72.68,2
lettuce,15.32,66,4.3,6.14,31,1.04,75.76,2
lettuce,20.08,57,6.7,6.01,24,0.42,74.89,2
lettuce,12.92,62,6.3,6.06,52,1.47,59.97,1
lettuce,20.91,61,5.9,6.02,25,0.9,84.86,2
lettuce,7.81,71,4.3,6.34,34,1.01,58.37,1
lettuce,23.99,66,3.4,6.26,69,0.86,62.49,1
lettuce,18.26,63,6.1,6.01,37,0.5,77.57,2
lettuce,15.53,63,4.9,5.55,64,0.76,68.48,1
lettuce,15.46,65,5.5,5.77,31,1.32,73.9,2
lettuce,19.52,73,6.0,5.6,46,1.2,69.37,1
lettuce,18.3,61,6.6,6.0,56,0.42,69.27,1
lettuce,37.31,61,5.4,5.78,60,1.26,57.6,1
lettuce,23.58,64,5.1,6.2,44,1.43,75.84,2
lettuce,21.58,52,5.7,6.03,75,0.19,66.07,1
lettuce,17.33,64,5.1,6.65,34,0.71,73.16,2
lettuce,20.07,59,5.1,6.16,54,1.46,79.24,2
lettuce,27.9,58,7.0,6.17,11,1.34,56.8,1
lettuce,14.71,58,3.2,6.37,48,0.71,55.44,1
lettuce,49.7,56,5.4,6.18,70,0.58,54.57,1
lettuce,25.22,59,5.7,6.18,60,0.68,65.88,1
lettuce,20.52,76,6.7,5.97,43,0.73,71.53,2
lettuce,15.17,66,5.3,5.72,30,1.29,73.74,2
lettuce,13.5,66,4.7,6.53,27,0.71,67.57,1
lettuce,26.14,64,5.1,6.36,60,0.77,68.19,1
lettuce,19.46,51,4.9,5.96,49,1.46,77.54,2
lettuce,25.03,68,3.6,5.74,8,0.1,64.74,1
lettuce,19.9,70,4.7,5.79,53,1.0,81.18,2
lettuce,5.1,64,5.4,5.38,52,0.31,50.52,1
lettuce,19.06,65,4.6,6.29,63,1.02,77.82,2
lettuce,19.21,70,6.4,6.1,52,1.08,73.25,2
lettuce,14.38,55,5.1,6.09,25,0.78,76.04,2
lettuce,19.12,63,5.1,6.18,32,0.33,82.81,2
lettuce,23.11,67,4.7,6.0,51,0.55,79.11,2
lettuce,22.76,71,6.4,5.87,44,0.63,68.8,1
lettuce,18.27,68,3.4,6.28,56,0.8,67.27,1
lettuce,18.85,61,5.1,5.77,29,1.13,83.6,2
lettuce,28.34,65,4.5,5.61,50,0.43,59.52,1
lettuce,8.64,75,4.5,5.63,51,1.2,52.85,1
lettuce,14.69,67,4.2,6.05,39,0.89,74.8,2
lettuce,22.73,73,6.7,6.01,67,0.97,65.84,1
lettuce,21.42,55,6.0,5.95,69,0.31,67.24,1
lettuce,16.17,59,5.0,5.98,67,0.97,77.19,2
lettuce,17.47,75,5.9,5.85,52,1.06,70.19,2
lettuce,38.43,50,5.9,6.07,49,0.62,53.85,1
lettuce,38.06,55,4.9,5.71,37,1.26,59.28,1
lettuce,22.85,72,4.5,5.83,27,0.7,77.48,2
lettuce,16.65,64,3.8,5.81,36,1.13,72.08,2
lettuce,22.51,64,6.6,6.03,70,0.73,68.8,1
lettuce,27.35,67,4.9,5.9,61,1.14,69.38,1
lettuce,13.23,65,4.9,5.8,49,1.62,67.54,1
lettuce,27.09,76,4.2,6.13,32,0.0,58.89,1
lettuce,15.86,66,5.3,6.27,50,0.96,74.74,2
lettuce,28.51,73,4.0,6.05,31,1.27,62.23,1
lettuce,8.06,61,3.9,5.94,37,1.51,57.3,1
lettuce,21.17,70,3.5,6.02,69,1.05,70.76,2
lettuce,19.32,63,4.6,5.64,29,0.55,79.69,2
lettuce,20.1,73,4.8,6.37,47,0.7,77.4,2
lettuce,21.48,70,4.0,6.17,28,0.45,75.22,2
lettuce,43.45,55,6.5,6.16,77,0.7,46.05,1
lettuce,15.33,61,5.0,5.72,34,0.6,74.89,2
lettuce,17.86,56,4.0,6.17,28,0.97,75.07,2
lettuce,42.22,56,5.1,5.94,60,1.33,59.97,1
lettuce,42.63,44,4.7,5.83,27,0.15,53.1,1
lettuce,16.54,68,5.8,6.24,59,0.99,70.2,2
lettuce,49.9,55,4.5,6.0,62,0.83,60.33,1
lettuce,19.47,66,3.3,6.44,74,0.68,62.72,1
lettuce,15.97,61,5.3,6.48,0,1.16,75.92,2
lettuce,20.31,66,5.6,6.03,57,0.97,83.7,2
lettuce,17.44,62,5.4,5.57,46,1.18,71.78,2
lettuce,11.09,71,4.6,6.02,44,1.46,63.78,1
lettuce,20.18,63,5.2,6.5,80,1.44,69.31,1
lettuce,9.54,78,5.6,5.69,46,1.1,53.47,1
lettuce,19.52,71,4.7,6.2,52,1.17,78.87,2
lettuce,26.37,65,4.0,5.74,62,0.29,59.14,1
lettuce,43.84,49,4.3,5.62,76,0.66,44.48,0
lettuce,18.84,63,4.4,5.4,50,0.97,71.26,2
lettuce,15.92,54,5.0,5.85,46,0.99,74.92,2
lettuce,21.54,69,4.2,6.32,71,1.24,67.85,1
lettuce,19.48,72,5.0,5.62,33,0.59,79.78,2
lettuce,19.31,57,4.9,5.75,41,0.57,79.29,2
lettuce,32.87,66,4.8,6.42,52,0.14,54.6,1
lettuce,24.25,59,5.3,6.05,59,0.47,71.83,2
lettuce,21.68,64,4.2,6.18,18,1.22,80.87,2
lettuce,20.79,66,4.9,5.9,40,0.92,88.34,2
lettuce,22.57,73,4.7,5.62,54,0.74,70.68,2
lettuce,19.34,61,5.6,6.61,44,0.57,69.9,1
lettuce,19.53,59,5.0,5.96,62,0.89,84.84,2
lettuce,30.99,55,5.8,6.01,67,1.17,55.38,1
lettuce,19.33,61,4.7,5.52,31,1.19,77.23,2
lettuce,19.56,63,4.8,5.92,60,1.24,82.19,2
lettuce,23.77,78,4.6,5.89,50,1.79,65.01,1
lettuce,26.34,56,5.5,5.68,44,0.93,65.09,1
lettuce,20.6,66,4.7,6.1,25,0.95,89.47,2
lettuce,19.25,73,4.7,6.25,58,0.93,77.33,2
lettuce,38.64,58,3.5,6.35,91,0.9,43.08,0
lettuce,23.67,66,5.1,6.04,15,0.3,83.11,2
lettuce,19.84,67,5.5,6.45,44,0.15,72.35,2
lettuce,21.7,67,4.1,6.25,63,1.44,68.85,1
lettuce,20.33,60,5.0,5.85,73,1.25,78.76,2
lettuce,45.9,64,3.3,5.51,47,0.75,47.87,1
lettuce,8.0,65,5.0,5.7,44,1.52,61.5,1
lettuce,26.72,53,4.9,6.07,42,0.82,70.74,2
lettuce,19.98,63,5.2,6.15,44,1.01,86.21,2
lettuce,14.53,70,4.6,5.75,37,1.17,70.14,2
lettuce,27.42,57,5.4,6.07,57,1.01,66.34,1
lettuce,43.62,62,3.6,5.99,62,0.48,53.97,1
lettuce,30.71,68,5.5,6.13,69,0.79,59.73,1
lettuce,18.42,59,5.0,5.59,52,0.07,70.06,2
lettuce,18.45,59,4.9,5.78,40,1.21,79.5,2
lettuce,19.41,64,4.5,5.69,64,0.78,76.7,2
lettuce,19.28,70,5.0,6.02,34,1.07,88.58,2
lettuce,17.54,65,4.3,5.85,37,0.79,79.75,2
lettuce,17.14,69,4.4,5.98,75,0.94,74.55,2
lettuce,10.18,82,4.7,6.19,58,0.28,50.98,1
lettuce,7.75,74,6.1,5.68,58,1.16,49.02,1
lettuce,6.86,76,4.7,6.3,47,0.73,57.0,1
lettuce,24.6,64,5.0,6.25,43,1.5,73.13,2
lettuce,19.46,64,5.1,5.55,52,0.46,76.34,2
lettuce,18.6,64,4.2,5.6,30,1.2,75.2,2
lettuce,26.07,60,3.8,6.6,52,0.96,55.19,1
lettuce,19.98,65,6.5,5.72,32,0.51,74.53,2
lettuce,11.6,59,4.6,5.65,24,1.1,64.53,1
lettuce,21.19,61,6.3,5.96,50,0.48,73.24,2
lettuce,21.79,65,5.4,5.99,31,0.39,83.8,2
lettuce,9.04,54,4.9,5.98,42,0.61,63.93,1
lettuce,5.7,70,5.6,6.08,64,0.55,57.82,1
lettuce,19.16,62,4.8,5.93,31,0.47,85.17,2
lettuce,20.46,54,5.7,5.74,46,0.73,74.05,2
lettuce,18.64,69,5.6,5.72,40,0.43,74.6,2
lettuce,19.21,58,5.5,6.03,55,0.71,79.82,2
lettuce,22.21,68,6.7,5.71,49,1.24,64.53,1
lettuce,21.46,64,4.8,6.5,30,1.36,76.25,2
lettuce,17.79,67,6.2,5.98,38,0.9,78.85,2
lettuce,42.12,53,4.5,5.78,72,0.57,51.1,1
lettuce,32.84,59,4.5,5.49,40,1.16,54.22,1
lettuce,17.18,62,6.5,5.56,84,0.61,56.39,1
lettuce,21.78,61,5.9,5.53,62,0.93,67.71,1
lettuce,22.28,64,5.1,5.81,34,0.0,77.22,2
lettuce,23.26,63,6.0,6.22,52,0.91,71.83,2
lettuce,39.1,74,5.3,6.27,41,0.86,60.68,1
lettuce,32.54,65,3.7,6.41,32,0.91,56.63,1
lettuce,21.65,66,4.5,6.02,55,0.42,78.88,2
lettuce,21.29,67,4.6,6.01,53,1.4,80.22,2
lettuce,19.86,59,5.4,5.96,51,1.31,81.0,2
lettuce,27.31,67,5.2,5.91,62,1.41,66.5,1
lettuce,20.44,50,5.2,5.68,56,0.71,72.8,2
lettuce,21.5,66,5.7,5.91,37,0.08,76.45,2
lettuce,19.36,64,5.2,6.33,40,1.01,82.54,2
lettuce,20.81,57,4.4,6.0,48,1.05,80.63,2
lettuce,20.08,60,5.6,6.17,34,0.96,83.27,2
lettuce,24.32,66,6.0,6.44,53,1.31,62.31,1
lettuce,17.58,69,6.2,5.63,56,0.69,65.68,1
lettuce,29.46,67,5.2,6.59,64,0.68,54.28,1
lettuce,21.44,72,5.7,5.78,47,1.31,72.72,2
lettuce,31.82,66,5.1,6.3,45,1.28,62.08,1
lettuce,20.04,68,3.9,6.22,37,0.61,77.19,2
lettuce,24.52,50,3.6,6.4,32,0.6,57.13,1
lettuce,21.46,58,4.3,5.77,52,1.48,70.23,2
lettuce,15.22,70,5.4,6.23,74,0.72,66.51,1
lettuce,34.71,52,5.5,6.03,60,0.93,58.9,1
lettuce,14.64,80,4.8,6.01,27,0.64,73.41,2
lettuce,23.71,65,4.6,6.14,53,1.22,75.28,2
lettuce,20.12,69,4.8,5.74,37,1.57,79.31,2
lettuce,40.34,65,6.0,6.05,35,0.57,62.92,1
lettuce,20.61,62,5.2,5.94,39,0.59,85.5,2
lettuce,19.29,66,3.6,5.64,72,1.03,67.3,1
lettuce,15.61,61,5.3,6.04,21,0.63,80.42,2
lettuce,20.89,61,4.9,6.14,17,0.94,89.5,2
lettuce,24.45,61,5.8,5.76,47,0.61,68.05,1
lettuce,17.27,63,4.4,5.87,34,0.68,78.94,2
lettuce,23.59,61,4.3,5.62,51,0.83,68.89,1
lettuce,20.01,60,5.2,6.16,51,0.52,81.11,2
lettuce,45.84,53,4.0,5.88,49,0.66,53.93,1
lettuce,19.7,64,5.0,6.08,12,1.1,93.63,2
lettuce,22.64,69,3.5,5.54,60,0.75,61.02,1
lettuce,16.09,61,5.1,5.82,96,1.44,65.33,1
lettuce,19.47,61,5.8,5.56,44,1.03,73.72,2
lettuce,17.33,63,4.5,5.89,47,0.92,79.71,2
lettuce,27.68,79,3.7,5.98,52,1.24,55.99,1
lettuce,42.37,59,4.0,5.9,42,1.1,58.83,1
lettuce,16.95,67,4.6,6.18,28,0.82,80.97,2
lettuce,13.21,64,5.2,6.22,42,0.79,72.1,2
lettuce,28.48,58,5.3,5.76,48,0.36,59.99,1
lettuce,14.81,68,4.3,6.2,28,0.49,70.79,2
lettuce,24.71,67,6.0,5.96,54,1.32,68.78,1
lettuce,26.27,62,5.6,5.61,26,1.01,68.41,1
lettuce,8.43,66,6.3,5.6,67,0.37,46.17,1
lettuce,20.75,66,7.1,5.84,8,0.62,76.13,2
lettuce,17.68,63,4.8,6.11,69,1.19,76.74,2
lettuce,25.84,63,4.8,5.87,48,1.21,72.64,2
lettuce,41.21,59,5.6,6.13,74,0.6,55.07,1
lettuce,20.9,63,5.3,5.74,61,0.43,75.67,2
lettuce,45.79,70,3.4,5.62,51,0.77,48.32,1
lettuce,20.47,66,5.4,6.08,43,0.54,83.79,2
lettuce,18.46,68,5.7,5.81,49,0.47,74.62,2
lettuce,16.67,81,4.0,5.96,44,1.33,66.12,1
lettuce,19.29,68,6.8,5.64,34,1.19,68.3,1
lettuce,27.29,61,5.9,6.23,43,0.79,63.99,1
lettuce,37.48,69,4.5,5.93,53,0.67,62.1,1
lettuce,20.91,71,3.9,5.81,70,0.98,70.8,2
lettuce,35.03,53,4.5,5.96,44,0.67,60.2,1
lettuce,20.77,45,5.4,5.83,54,0.7,71.39,2
lettuce,24.74,64,3.7,5.53,59,1.07,59.62,1
lettuce,18.7,68,4.0,5.96,43,1.54,75.1,2
lettuce,19.88,63,4.1,6.17,22,1.22,82.28,2
lettuce,21.93,69,5.5,5.97,47,0.53,78.87,2
lettuce,40.3,55,5.0,5.7,46,1.05,60.08,1
lettuce,20.02,67,3.3,6.04,58,1.66,69.41,1
lettuce,28.41,63,6.4,6.01,56,0.54,59.15,1
lettuce,19.91,71,6.3,6.02,39,0.7,78.5,2
lettuce,24.43,63,5.4,6.32,46,1.53,67.82,1
lettuce,11.07,67,6.1,5.85,39,0.67,61.47,1
lettuce,24.29,52,5.9,6.57,26,0.76,61.27,1
lettuce,21.52,74,5.7,6.03,38,1.44,75.78,2
lettuce,22.18,68,5.3,6.03,47,0.8,82.62,2
lettuce,7.31,71,5.4,6.14,63,0.57,57.95,1
lettuce,43.34,69,3.9,5.89,43,1.23,57.63,1
lettuce,15.06,59,4.0,5.57,57,1.16,59.35,1
lettuce,16.44,64,5.7,6.29,75,0.94,68.5,1
lettuce,11.96,69,5.8,5.78,48,1.33,59.94,1
lettuce,14.46,67,7.3,6.28,54,1.02,57.32,1
lettuce,19.64,68,5.4,6.32,46,0.48,77.21,2
lettuce,15.63,55,5.5,5.96,54,0.77,71.63,2
lettuce,18.04,73,5.5,5.97,57,0.16,72.06,2
lettuce,15.36,62,6.8,5.72,35,0.91,64.2,1
lettuce,19.14,63,5.7,5.74,60,1.28,73.66,2
lettuce,23.01,67,5.4,6.17,32,0.59,78.66,2
lettuce,16.27,75,4.8,5.58,68,1.0,65.47,1
lettuce,26.32,65,4.5,5.8,51,0.38,66.78,1
lettuce,19.78,63,5.0,5.96,49,0.63,87.34,2
lettuce,20.82,74,5.0,5.47,42,1.59,70.51,2
lettuce,22.88,68,4.1,5.75,41,0.98,73.49,2
lettuce,27.49,66,5.1,5.86,67,0.31,64.89,1
lettuce,21.43,66,4.5,6.19,70,1.54,72.09,2
lettuce,18.9,55,6.3,6.31,38,1.43,66.1,1
lettuce,14.4,67,5.5,6.09,65,0.79,70.5,2
lettuce,22.08,63,5.4,5.97,46,1.33,79.99,2
lettuce,5.82,64,5.2,5.85,69,0.92,63.33,1
lettuce,17.95,58,5.5,5.45,23,0.41,69.73,1
lettuce,24.91,64,5.3,5.92,60,1.05,74.58,2
lettuce,21.81,61,4.5,6.03,49,0.4,77.7,2
lettuce,9.3,65,6.6,6.08,73,1.16,52.07,1
lettuce,35.0,50,5.5,6.04,32,0.74,61.28,1
lettuce,14.59,66,5.4,6.08,40,0.96,76.91,2
lettuce,25.02,68,5.3,5.96,51,0.64,74.74,2
lettuce,46.76,61,5.9,6.25,63,0.81,55.0,1
lettuce,26.22,54,5.0,6.57,82,1.41,52.74,1
lettuce,14.14,73,6.5,6.17,38,0.91,63.21,1
lettuce,15.02,59,5.1,5.63,38,0.3,67.56,1
lettuce,16.14,64,4.3,5.89,72,0.81,71.58,2
lettuce,9.52,67,5.2,5.93,57,1.01,65.68,1
lettuce,42.98,56,3.9,6.32,76,0.98,47.52,1
lettuce,27.02,73,3.8,6.34,42,0.92,58.99,1
lettuce,22.17,77,4.9,6.29,29,0.42,74.28,2
lettuce,18.92,67,4.7,5.96,39,0.56,84.46,2
lettuce,10.44,62,3.5,5.7,54,0.89,53.05,1
lettuce,42.78,50,4.9,6.03,63,0.3,55.65,1
lettuce,20.28,59,6.2,5.99,59,0.81,76.66,2
lettuce,19.95,58,5.6,5.6,27,0.84,78.9,2
lettuce,18.16,71,6.6,6.18,45,1.07,68.8,1
lettuce,21.8,62,6.3,6.22,35,0.64,72.75,2
lettuce,13.44,59,6.3,6.4,77,1.02,52.3,1
lettuce,20.67,58,4.6,6.16,53,1.28,76.96,2
lettuce,17.22,60,5.7,5.88,52,1.28,72.46,2
lettuce,41.83,51,5.3,6.07,83,0.7,53.85,1
lettuce,20.06,70,5.9,5.76,67,0.89,74.58,2
lettuce,21.74,65,6.4,6.29,44,0.88,72.72,2
lettuce,24.83,55,5.4,5.64,45,0.65,65.56,1
lettuce,44.92,50,5.0,6.1,48,0.94,62.17,1
lettuce,19.51,68,5.3,6.43,37,0.1,73.84,2
lettuce,19.08,72,4.0,6.09,65,0.69,72.78,2
lettuce,20.48,52,5.5,5.87,55,0.91,76.94,2
lettuce,20.6,55,3.5,6.32,40,0.96,68.98,1
lettuce,48.07,60,5.3,6.11,73,1.32,57.38,1
lettuce,19.99,60,5.4,6.06,49,1.16,82.95,2
lettuce,18.46,65,4.0,5.83,15,1.33,79.94,2
lettuce,21.15,62,5.0,5.79,51,0.31,78.58,2
lettuce,20.16,55,5.7,6.04,57,0.23,73.55,2
lettuce,16.28,56,4.4,5.57,19,0.63,69.54,1
lettuce,15.3,83,3.3,5.83,67,1.06,52.95,1
lettuce,39.73,67,4.0,5.85,63,0.52,54.83,1
lettuce,38.36,45,3.8,5.59,71,0.61,38.55,0
lettuce,21.83,55,4.3,5.72,48,1.22,69.82,1
lettuce,29.44,61,3.8,5.67,46,1.32,52.35,1
lettuce,20.36,57,4.9,5.87,65,1.42,76.76,2
lettuce,15.48,70,5.3,5.97,69,0.61,71.69,2
lettuce,28.44,65,4.2,6.04,54,0.26,61.99,1
lettuce,19.94,70,5.7,5.81,42,1.15,79.25,2
lettuce,19.7,70,4.3,6.02,51,0.49,79.33,2
lettuce,19.63,63,5.3,6.18,70,0.94,80.41,2
lettuce,27.37,51,5.1,5.98,39,0.86,70.28,2
lettuce,6.73,77,5.9,5.62,29,0.94,54.48,1
lettuce,18.22,57,4.7,5.66,48,1.37,71.47,2
lettuce,21.58,81,5.6,5.95,45,1.17,73.59,2
lettuce,16.11,67,4.4,5.89,47,1.2,74.19,2
lettuce,46.92,57,4.9,6.01,79,1.17,59.63,1
lettuce,18.74,64,5.4,6.0,56,0.88,84.48,2
lettuce,32.09,61,5.5,5.88,58,1.32,58.68,1
lettuce,18.95,52,5.0,5.87,68,1.1,75.8,2
lettuce,19.7,60,5.4,6.05,69,1.26,78.4,2
lettuce,19.44,64,5.7,5.95,45,0.81,83.88,2
lettuce,19.82,66,5.0,6.32,47,1.6,79.07,2
lettuce,31.46,61,4.0,6.07,48,0.69,59.35,1
lettuce,14.88,67,4.5,6.0,74,0.87,72.43,2
lettuce,27.46,68,5.1,6.09,33,0.68,73.7,2
lettuce,15.97,60,5.0,6.0,43,0.54,79.27,2
lettuce,35.97,52,5.7,6.43,71,0.35,43.23,0
lettuce,20.03,71,4.8,6.11,30,0.7,86.57,2
lettuce,14.78,60,5.4,5.88,45,0.98,73.49,2
lettuce,48.05,51,5.8,5.9,47,1.29,53.92,1
lettuce,22.27,49,4.3,5.78,52,1.07,67.73,1
lettuce,20.76,69,3.7,5.92,13,0.73,81.55,2
lettuce,17.94,73,6.3,6.03,36,1.18,73.2,2
lettuce,22.4,60,3.8,6.25,45,0.46,67.53,1
lettuce,17.26,59,5.1,5.95,63,1.61,73.35,2
lettuce,25.93,65,6.0,6.11,47,0.4,66.44,1
lettuce,20.4,55,3.9,6.05,28,0.95,79.87,2
lettuce,20.34,53,4.2,5.96,64,0.49,72.44,2
lettuce,20.56,71,3.8,5.95,22,1.18,79.88,2
lettuce,19.65,63,4.5,6.23,56,0.63,78.37,2
lettuce,13.7,68,5.5,5.9,47,0.86,71.98,2
lettuce,10.0,58,5.4,5.59,52,0.56,53.8,1
lettuce,27.53,68,4.8,5.92,43,0.81,72.42,2
lettuce,48.06,60,6.8,6.24,53,0.67,48.45,1
lettuce,21.95,70,5.2,5.97,41,1.19,82.25,2
lettuce,21.14,67,7.3,6.3,52,0.45,63.3,1
lettuce,19.28,57,4.1,5.74,48,0.81,73.86,2
lettuce,48.53,56,4.9,5.95,71,1.06,60.58,1
lettuce,19.85,62,4.5,6.08,55,0.71,82.1,2
lettuce,39.28,56,4.4,5.75,45,0.62,56.17,1
lettuce,26.02,66,6.4,6.06,32,0.87,70.18,2
lettuce,19.21,66,5.5,5.97,47,1.07,84.32,2
lettuce,18.55,61,4.8,5.72,50,1.49,74.75,2
lettuce,22.94,58,4.8,6.19,38,0.93,78.74,2
lettuce,13.28,66,6.3,5.76,60,1.12,59.68,1
lettuce,20.38,58,5.5,5.82,72,1.16,74.22,2
lettuce,16.96,68,4.2,5.99,71,0.91,74.3,2
lettuce,17.97,58,4.2,5.79,43,1.13,73.16,2
lettuce,37.16,61,5.4,6.35,68,0.49,53.25,1
lettuce,16.96,68,5.0,5.75,45,0.92,79.75,2
lettuce,16.32,61,5.2,5.81,48,0.56,74.51,2
lettuce,23.14,67,4.2,5.8,56,0.83,72.8,2
lettuce,18.6,70,4.3,5.97,62,0.68,76.68,2
lettuce,22.49,79,4.3,6.12,50,1.3,68.7,1
lettuce,27.17,49,4.6,5.74,39,1.34,59.29,1
lettuce,21.38,74,4.1,6.14,41,0.98,75.69,2
lettuce,17.09,60,4.3,6.02,73,0.44,70.03,2
lettuce,18.95,69,4.6,6.6,67,1.2,67.23,1
lettuce,11.21,64,4.5,5.96,40,1.06,69.37,1
lettuce,18.05,66,7.0,6.1,56,0.75,68.02,1
lettuce,20.93,66,4.8,5.96,74,0.35,78.42,2
lettuce,17.94,70,6.5,6.34,45,0.74,66.5,1
lettuce,48.14,51,3.8,5.81,73,0.68,46.2,1
lettuce,12.34,64,5.4,5.95,34,0.78,73.51,2
lettuce,10.8,71,5.9,6.28,39,1.13,57.83,1
lettuce,42.59,62,4.8,5.86,62,0.9,63.87,1
lettuce,27.48,59,5.2,6.41,42,0.87,65.09,1
lettuce,22.51,65,6.1,6.62,62,1.08,62.5,1
lettuce,21.54,65,5.9,6.09,30,0.65,81.29,2
lettuce,25.05,68,4.6,6.24,28,0.46,72.27,2
lettuce,33.1,59,4.6,5.44,60,1.28,49.63,1
lettuce,22.9,62,4.8,6.23,32,0.98,80.6,2
lettuce,15.26,53,5.4,6.18,61,1.26,64.75,1
lettuce,10.94,81,4.8,6.18,39,0.69,60.53,1
lettuce,20.11,68,4.9,6.1,42,0.84,88.03,2
lettuce,25.37,62,4.2,6.15,38,0.73,71.01,2
lettuce,18.52,62,4.8,6.12,29,0.96,86.31,2
lettuce,19.36,62,4.4,6.59,45,1.36,69.59,1
lettuce,19.92,53,5.0,6.19,54,1.51,75.96,2
lettuce,17.79,73,4.7,6.26,43,0.9,76.96,2
lettuce,40.6,53,4.9,6.52,57,0.62,51.02,1
lettuce,16.82,60,4.8,6.1,23,0.74,82.47,2
lettuce,20.14,74,3.7,6.17,80,1.58,63.07,1
lettuce,26.85,70,4.7,6.3,65,1.29,61.47,1
lettuce,18.4,60,4.9,5.95,62,1.42,77.88,2
lettuce,49.86,55,5.8,6.21,57,1.36,51.47,1
lettuce,19.83,53,4.5,6.35,18,1.32,76.41,2
lettuce,48.29,63,5.4,5.88,51,1.28,61.93,1
lettuce,22.56,67,3.9,5.94,50,0.49,72.68,2
lettuce,16.85,59,4.1,5.57,36,0.57,66.6,1
lettuce,20.52,62,5.8,6.06,71,1.18,76.09,2
lettuce,21.19,66,3.9,6.11,49,0.79,77.59,2
lettuce,47.6,51,6.1,6.03,70,1.1,50.82,1
lettuce,5.42,73,4.5,6.75,44,1.09,48.33,1
lettuce,23.62,65,4.3,5.46,37,2.05,60.96,1
lettuce,27.42,56,4.7,5.76,53,0.65,62.69,1
lettuce,20.63,61,4.4,5.95,47,1.29,80.16,2
lettuce,19.38,70,6.1,5.92,43,1.13,77.33,2
lettuce,49.69,62,4.4,6.14,92,0.48,52.37,1
lettuce,22.02,67,4.8,5.72,30,1.11,81.11,2
lettuce,36.21,59,3.7,6.15,69,0.93,52.5,1
lettuce,8.66,65,6.5,6.31,15,0.7,58.38,1
lettuce,15.86,59,5.0,5.91,31,0.87,81.5,2
lettuce,25.89,59,3.6,6.25,66,1.09,57.14,1
lettuce,27.69,68,6.9,5.94,83,1.11,52.09,1
lettuce,21.13,67,3.4,5.98,42,0.85,76.92,2
lettuce,18.61,70,4.6,6.03,39,0.37,80.2,2
lettuce,19.98,61,4.4,6.07,35,1.02,85.23,2
lettuce,17.21,68,5.1,5.73,44,1.08,77.94,2
lettuce,25.07,64,3.9,5.8,62,1.29,63.53,1
lettuce,21.49,71,5.2,5.9,35,0.68,82.85,2
lettuce,20.46,79,4.8,6.24,44,0.31,73.53,2
lettuce,33.76,58,4.3,6.04,45,1.46,58.28,1
lettuce,19.72,58,4.7,6.13,41,0.56,81.42,2
lettuce,7.91,75,3.8,6.39,69,0.9,46.7,1
lettuce,23.63,68,3.8,5.76,47,0.84,69.11,1
lettuce,18.62,59,4.2,6.15,49,1.18,74.74,2
lettuce,26.4,74,5.1,6.18,61,1.12,66.35,1
lettuce,8.76,60,6.0,5.85,56,0.31,52.75,1
lettuce,21.39,60,4.4,6.29,27,1.36,76.09,2
lettuce,20.07,65,5.5,5.83,46,0.6,82.54,2
lettuce,18.2,60,3.8,5.86,29,0.86,76.93,2
lettuce,45.09,66,3.6,5.91,47,1.01,58.45,1
lettuce,30.3,60,5.5,5.52,35,0.28,53.15,1
lettuce,21.98,63,4.8,5.74,61,1.38,74.17,2
lettuce,14.83,62,4.0,6.16,57,1.68,61.46,1
lettuce,14.04,69,3.4,6.06,39,0.51,63.13,1
lettuce,49.05,67,5.7,5.92,58,1.03,61.4,1
lettuce,17.89,56,4.5,5.72,16,0.8,78.43,2
lettuce,31.65,70,5.5,5.81,65,0.93,58.87,1
lettuce,15.05,66,5.1,5.74,24,0.46,75.98,2
lettuce,17.24,67,4.8,5.87,45,0.7,80.21,2
lettuce,36.11,52,4.6,6.12,62,0.21,52.02,1
lettuce,15.49,56,4.8,6.05,25,1.1,78.15,2
lettuce,24.07,73,4.6,6.38,37,0.78,70.09,2
lettuce,14.71,70,5.0,5.75,70,1.15,68.17,1
lettuce,12.39,72,5.0,6.11,62,0.67,66.83,1
lettuce,44.35,57,5.0,6.16,34,1.39,63.05,1
lettuce,19.0,63,3.5,5.31,55,0.9,62.78,1
lettuce,20.1,59,5.4,6.09,55,1.2,80.33,2
lettuce,17.57,57,5.2,5.82,62,1.18,73.37,2
lettuce,41.32,61,4.9,6.08,81,0.55,59.23,1
lettuce,39.66,59,4.2,5.52,82,0.65,45.65,1
lettuce,21.31,55,5.6,6.11,37,0.22,73.85,2
lettuce,13.68,70,6.1,6.02,33,1.28,67.54,1
lettuce,18.82,57,6.6,5.79,56,0.51,64.86,1
lettuce,21.43,66,4.6,6.22,51,1.47,75.99,2
lettuce,19.63,74,3.5,5.93,61,0.41,67.86,1
lettuce,28.27,63,5.7,6.1,66,0.84,63.71,1
lettuce,19.24,63,5.1,5.63,31,0.27,78.91,2
lettuce,48.36,55,4.1,5.9,82,0.58,49.92,1
lettuce,22.69,70,4.9,6.12,45,1.4,77.3,2
lettuce,18.82,62,6.5,5.87,55,0.38,68.79,1
lettuce,15.95,62,4.6,5.76,42,1.17,73.35,2
lettuce,22.34,65,6.1,6.18,49,1.06,73.97,2
lettuce,45.42,58,5.3,6.25,47,1.38,57.42,1
lettuce,15.71,71,5.5,5.95,36,0.89,77.59,2
lettuce,18.59,66,5.0,5.72,35,0.95,84.83,2
lettuce,19.69,56,4.0,5.79,34,0.82,76.85,2
lettuce,21.52,60,4.4,6.47,28,0.72,74.39,2
lettuce,42.48,55,5.7,5.96,21,0.71,63.87,1
lettuce,9.78,73,6.2,6.17,53,0.94,54.43,1
lettuce,20.89,67,5.7,6.1,37,0.5,80.47,2
lettuce,12.45,66,5.1,6.14,54,0.92,71.68,2
lettuce,26.8,68,4.3,5.85,63,0.64,63.98,1
lettuce,38.86,57,4.1,5.57,41,1.22,51.15,1
lettuce,21.3,64,4.4,5.75,44,1.3,76.73,2
lettuce,18.43,50,5.1,6.1,58,0.51,73.69,2
lettuce,9.12,65,5.4,5.82,66,0.98,61.73,1
lettuce,18.41,64,4.2,6.29,26,0.41,76.1,2
lettuce,19.49,56,5.4,6.07,58,1.26,77.41,2
lettuce,25.47,57,5.5,6.3,45,0.84,67.31,1
lettuce,18.79,64,5.0,5.86,59,1.01,83.53,2
lettuce,36.46,70,5.1,5.98,57,0.81,66.1,1
lettuce,49.36,56,6.3,5.95,72,0.98,52.08,1
lettuce,28.84,57,5.4,5.92,38,0.86,67.05,1
lettuce,36.16,61,4.9,6.03,60,1.0,65.82,1
lettuce,21.57,68,4.3,5.79,70,1.04,73.08,2
lettuce,17.65,68,5.4,6.1,44,1.12,79.63,2
lettuce,17.66,54,4.3,6.24,75,0.27,62.02,1
lettuce,21.04,62,5.0,5.72,50,1.25,79.57,2
lettuce,25.91,60,5.9,6.28,44,0.68,64.16,1
lettuce,12.85,70,2.8,5.7,33,1.44,52.2,1
lettuce,15.17,65,5.0,6.17,52,0.77,77.19,2
lettuce,26.53,54,5.6,5.85,48,0.88,65.77,1
lettuce,9.11,73,5.1,5.6,53,1.07,57.0,1
lettuce,5.03,70,4.3,6.08,22,1.07,65.57,1
lettuce,49.7,55,5.2,5.8,76,0.83,56.25,1
lettuce,23.45,64,5.2,5.82,48,1.18,77.17,2
lettuce,43.81,64,4.8,5.83,51,0.52,62.93,1
lettuce,14.14,62,5.5,6.21,68,0.67,65.58,1
lettuce,18.59,61,5.0,6.0,40,0.18,82.51,2
lettuce,22.57,76,3.5,6.13,4,0.3,69.84,1
lettuce,20.07,70,5.6,6.21,41,1.1,80.16,2
lettuce,10.95,69,4.4,6.4,51,1.14,56.9,1
lettuce,19.51,67,5.3,5.85,24,1.49,83.85,2
lettuce,21.4,57,4.7,5.93,50,0.96,80.72,2
lettuce,28.17,56,4.3,6.37,81,0.74,51.68,1
lettuce,19.43,73,5.0,6.26,46,1.22,79.33,2
lettuce,18.26,65,5.1,6.06,54,0.98,84.9,2
lettuce,20.79,73,4.1,5.96,42,1.12,78.04,2
lettuce,16.88,57,5.0,6.34,13,1.58,75.13,2
lettuce,41.75,56,5.5,6.02,41,0.12,58.02,1
lettuce,6.14,63,6.2,6.07,55,0.44,55.6,1
lettuce,41.21,57,3.9,6.19,28,0.99,58.53,1
lettuce,21.43,70,4.4,5.89,54,0.83,78.36,2
lettuce,44.17,71,4.8,6.06,67,1.0,62.3,1
lettuce,19.92,69,6.1,5.45,39,0.84,71.59,2
lettuce,17.22,70,5.7,5.89,65,1.07,72.24,2
lettuce,49.3,60,5.4,5.73,31,0.48,60.43,1
lettuce,21.16,65,6.1,5.99,72,0.24,71.73,2
lettuce,38.01,59,6.5,5.93,38,0.75,56.77,1
lettuce,19.11,54,5.1,5.47,41,0.72,73.04,2
lettuce,26.52,56,5.9,5.96,80,0.28,56.41,1
lettuce,16.92,60,6.0,6.14,66,1.1,68.37,1
lettuce,21.35,68,4.4,6.04,52,2.08,72.0,2
lettuce,42.53,64,5.9,5.77,53,0.68,57.48,1
lettuce,21.79,57,5.3,5.98,43,0.62,80.27,2
lettuce,26.32,77,4.2,6.33,54,1.18,57.43,1
lettuce,22.04,72,4.5,6.19,27,1.33,76.79,2
lettuce,19.04,65,5.2,5.59,42,0.93,81.13,2
lettuce,37.41,69,4.8,6.27,53,1.16,60.1,1
lettuce,16.48,74,4.5,6.23,61,1.12,68.11,1
lettuce,20.92,62,6.0,6.15,15,0.77,82.58,2
lettuce,20.17,67,3.8,6.46,64,1.93,61.21,1
lettuce,15.43,57,4.6,6.03,53,0.66,72.43,2
lettuce,38.14,54,6.1,6.41,40,0.81,50.63,1
lettuce,17.41,72,6.2,5.82,72,0.18,60.72,1
lettuce,14.83,67,5.7,5.67,31,0.42,67.64,1
lettuce,15.01,57,4.9,6.1,53,0.38,70.1,2
lettuce,20.91,72,5.0,5.74,61,1.04,78.15,2
lettuce,17.41,73,3.9,5.81,28,0.98,73.44,2
lettuce,18.19,70,3.9,5.8,24,0.41,73.55,2
lettuce,18.33,59,5.2,5.89,58,0.51,77.04,2
lettuce,9.7,86,5.5,5.81,49,1.16,51.62,1
lettuce,18.78,64,5.9,6.07,30,1.28,80.74,2
lettuce,32.68,58,7.3,6.12,42,0.4,47.93,1
lettuce,21.24,59,4.3,6.05,39,0.74,80.44,2
lettuce,12.12,62,4.9,6.02,72,0.46,65.92,1
lettuce,9.29,65,5.1,6.11,62,0.96,66.22,1
lettuce,8.9,79,6.4,5.84,63,0.94,48.47,1
lettuce,19.64,64,4.9,6.26,41,0.93,85.75,2
lettuce,25.97,73,4.5,5.93,22,0.47,71.66,2
lettuce,24.23,67,4.3,6.06,39,1.39,73.51,2
lettuce,21.45,62,5.0,5.7,35,0.53,80.68,2
lettuce,41.34,65,5.0,6.06,60,0.75,67.55,1
lettuce,21.56,62,4.9,6.27,73,0.88,76.9,2
lettuce,35.14,49,5.5,5.8,32,1.22,56.25,1
lettuce,20.32,63,4.8,5.76,13,1.13,87.98,2
lettuce,17.49,73,4.7,5.94,52,0.93,78.61,2
lettuce,19.52,49,5.0,6.44,58,0.88,72.41,2
lettuce,21.49,75,4.4,5.89,30,0.73,78.9,2
lettuce,34.94,62,4.6,6.52,53,0.58,53.6,1
lettuce,20.69,67,5.5,5.97,28,1.35,84.85,2
lettuce,17.8,63,5.7,5.5,55,1.03,69.1,1
lettuce,20.49,69,4.7,5.75,33,0.83,83.69,2
lettuce,21.59,66,4.2,6.2,31,0.76,79.99,2
lettuce,18.78,67,4.7,6.19,49,1.19,79.93,2
lettuce,26.68,64,3.4,6.21,51,1.36,57.61,1
lettuce,20.56,69,4.1,5.71,47,0.59,73.91,2
lettuce,5.09,73,4.4,6.56,36,0.51,51.05,1
lettuce,21.34,76,5.1,5.85,59,0.78,77.24,2
lettuce,21.62,57,5.0,5.78,35,0.93,82.28,2
lettuce,20.49,62,5.7,6.42,35,0.85,77.62,2
lettuce,9.76,65,5.2,6.1,65,1.23,62.92,1
lettuce,16.94,65,5.1,5.8,40,0.93,82.21,2
lettuce,31.79,63,5.3,5.74,55,0.84,61.88,1
lettuce,30.05,55,5.8,5.79,70,0.75,51.88,1
lettuce,18.85,53,4.8,6.04,33,0.55,80.98,2
lettuce,21.33,66,6.1,6.03,57,0.79,77.57,2
lettuce,25.03,68,4.3,5.71,63,1.08,65.39,1
lettuce,14.66,67,5.4,5.36,49,1.14,62.35,1
lettuce,44.1,58,4.2,6.39,76,0.95,49.62,1
lettuce,33.17,57,5.7,6.0,83,1.42,52.58,1
lettuce,44.69,52,4.7,6.33,52,0.48,52.48,1
lettuce,15.34,63,5.3,5.87,58,0.61,72.75,2
lettuce,49.1,56,4.7,6.22,84,0.81,54.1,1
lettuce,33.86,56,4.6,5.5,45,0.0,47.5,1
lettuce,23.94,59,3.2,5.88,56,0.97,63.3,1
lettuce,21.57,61,5.2,5.92,26,0.72,85.93,2
lettuce,14.37,64,5.0,5.79,35,1.01,77.29,2
lettuce,21.21,70,5.2,5.88,57,1.26,78.68,2
lettuce,37.23,59,5.8,5.79,36,0.95,60.38,1
lettuce,7.5,73,4.5,5.87,71,0.87,57.57,1
lettuce,22.04,60,4.7,5.63,54,0.65,72.69,2
lettuce,17.63,65,4.6,6.08,39,0.79,83.24,2
lettuce,48.57,54,5.6,5.99,57,0.72,58.8,1
lettuce,13.52,71,4.8,5.9,37,0.33,69.62,1
lettuce,19.51,66,5.5,5.91,63,0.65,80.39,2
lettuce,23.28,56,5.9,6.23,72,1.12,63.76,1
lettuce,21.25,67,4.4,5.75,24,0.82,82.33,2
lettuce,18.42,56,4.6,6.08,83,1.27,70.82,2
lettuce,15.2,59,5.1,5.99,40,1.07,78.37,2
lettuce,37.67,61,3.1,6.27,57,0.45,45.1,1
lettuce,22.66,74,5.9,5.55,39,1.15,65.85,1
lettuce,14.2,76,6.8,5.83,77,0.4,49.0,1
lettuce,16.68,66,5.8,6.26,49,1.01,72.58,2
lettuce,19.63,68,4.6,5.63,40,0.62,78.36,2
lettuce,10.44,72,5.9,6.19,53,0.48,54.5,1
lettuce,19.04,66,6.0,5.99,23,1.32,82.55,2
lettuce,21.08,62,4.6,6.03,20,0.92,89.24,2
lettuce,19.68,62,3.6,6.17,34,1.13,76.38,2
lettuce,16.9,60,4.6,6.05,31,1.28,78.97,2
lettuce,40.08,69,5.1,6.57,76,0.73,51.77,1
lettuce,20.36,61,6.4,5.71,35,0.9,75.15,2
lettuce,20.81,60,4.6,5.62,26,0.73,79.53,2
lettuce,21.34,60,4.9,5.89,53,0.63,80.79,2
lettuce,18.91,73,5.9,5.69,44,0.83,72.95,2
lettuce,10.63,54,4.5,5.73,36,0.88,60.44,1
lettuce,21.79,56,3.4,6.1,56,0.99,67.84,1
lettuce,12.84,72,3.0,6.24,39,1.24,53.05,1
lettuce,18.57,77,4.6,5.7,48,1.12,72.31,2
lettuce,28.64,60,5.1,5.91,63,0.16,61.0,1
lettuce,23.89,68,5.5,6.07,23,0.58,79.07,2
lettuce,19.51,64,4.8,6.36,17,0.72,85.49,2
lettuce,21.75,62,4.6,6.24,37,1.45,76.45,2
lettuce,20.65,76,7.0,6.16,34,1.57,63.75,1
lettuce,18.07,63,4.6,6.23,49,1.21,76.79,2
lettuce,24.24,66,4.9,6.48,51,1.19,69.75,1
lettuce,19.4,66,4.1,5.82,29,0.57,80.37,2
lettuce,22.63,61,4.1,5.54,36,0.33,66.04,1
lettuce,24.18,49,4.4,5.84,21,1.15,70.36,2
lettuce,48.04,70,5.4,6.32,60,0.93,57.85,1
lettuce,23.2,66,6.1,6.41,33,0.89,71.07,2
lettuce,42.71,58,4.3,5.99,45,0.8,62.72,1
lettuce,20.39,56,5.8,5.88,40,1.07,78.24,2
lettuce,11.68,74,5.2,6.12,79,1.42,57.46,1
lettuce,24.09,58,5.7,5.83,45,1.08,70.67,2
lettuce,22.88,57,5.0,6.15,41,0.8,79.57,2
lettuce,12.93,69,5.8,5.96,50,0.0,61.23,1
lettuce,23.76,61,5.4,6.21,59,0.77,72.36,2
lettuce,25.47,60,5.7,5.91,34,0.83,73.26,2
lettuce,15.82,68,4.3,6.03,43,0.31,72.21,2
lettuce,12.03,72,6.1,5.74,45,1.38,55.61,1
lettuce,22.14,68,4.7,5.91,47,0.47,78.75,2
lettuce,24.46,58,6.2,5.59,39,1.07,62.46,1
lettuce,17.17,63,3.9,6.01,56,0.83,74.97,2
lettuce,20.49,67,5.5,5.82,59,1.09,79.25,2
lettuce,20.71,65,4.3,5.87,21,0.59,84.65,2
lettuce,18.28,61,3.7,5.95,49,1.16,73.48,2
lettuce,18.67,58,4.3,6.27,57,1.09,72.11,2
lettuce,15.47,62,3.4,5.85,36,1.28,65.27,1
lettuce,35.4,49,4.4,6.21,69,0.88,51.63,1
lettuce,35.92,70,3.8,6.19,52,1.24,53.2,1
lettuce,19.28,63,5.1,6.18,43,1.23,83.29,2
lettuce,6.73,69,4.4,6.07,39,0.76,64.43,1
lettuce,21.81,63,6.5,6.27,60,1.35,64.98,1
lettuce,8.29,64,5.5,6.28,53,0.65,59.23,1
lettuce,22.92,56,4.8,5.86,29,1.43,76.11,2
lettuce,33.74,59,5.1,6.23,55,1.18,60.15,1
lettuce,28.96,60,3.8,5.82,55,1.03,56.73,1
lettuce,29.22,53,4.0,6.02,49,1.45,54.91,1
lettuce,20.94,71,5.4,6.3,66,0.84,74.62,2
lettuce,25.36,65,6.1,6.04,39,0.62,71.4,2
lettuce,23.29,67,4.8,6.02,55,1.32,77.85,2
lettuce,25.61,61,4.3,6.19,55,1.04,67.4,1
lettuce,9.27,66,6.6,6.1,48,0.6,55.0,1
lettuce,19.14,52,6.9,5.85,68,0.68,61.36,1
lettuce,30.07,63,4.8,6.31,90,1.35,52.55,1
lettuce,18.82,69,4.7,6.12,52,0.59,79.74,2
lettuce,32.94,57,5.0,6.16,56,0.61,61.05,1
lettuce,13.62,68,5.1,6.15,55,1.39,68.74,1
lettuce,35.32,58,4.8,5.6,74,0.97,54.08,1
lettuce,17.09,70,5.9,5.69,51,0.75,68.98,1
lettuce,44.82,50,4.2,6.17,41,1.42,51.93,1
lettuce,29.87,61,5.9,5.92,65,0.84,58.58,1
lettuce,18.8,74,5.4,5.58,52,0.17,66.95,1
lettuce,18.45,53,4.9,6.13,29,0.92,82.55,2
lettuce,17.75,63,6.1,6.09,35,1.03,77.53,2
lettuce,19.96,68,5.1,6.31,43,0.9,84.3,2
lettuce,25.87,53,6.0,5.28,59,0.79,49.61,1
lettuce,16.89,54,5.4,5.99,50,0.57,74.0,2
lettuce,21.18,62,6.1,6.03,55,0.87,77.87,2
lettuce,49.72,60,4.4,6.04,76,0.48,56.03,1
lettuce,20.82,67,6.7,5.78,32,1.07,73.46,2
lettuce,25.95,53,4.2,6.17,57,0.61,60.78,1
lettuce,27.15,59,4.6,5.67,76,1.06,59.1,1
lettuce,19.75,65,5.1,6.03,49,0.3,84.98,2
lettuce,17.16,67,4.7,6.32,23,1.03,79.75,2
lettuce,10.62,65,4.6,6.19,53,0.94,65.27,1
lettuce,16.38,65,5.0,5.78,35,0.19,76.61,2
lettuce,18.28,75,6.6,5.75,48,1.15,64.48,1
lettuce,5.49,76,5.4,6.02,36,0.94,64.77,1
lettuce,42.88,68,4.6,5.62,30,1.13,60.98,1
lettuce,18.43,68,5.2,5.78,62,1.31,75.71,2
lettuce,20.66,70,5.7,6.12,40,0.54,78.86,2
lettuce,17.19,57,5.1,5.98,54,0.86,79.9,2
lettuce,14.98,63,5.5,6.0,41,1.1,76.71,2
lettuce,19.89,65,2.9,5.91,63,1.13,70.56,2
lettuce,23.31,73,5.6,5.92,52,0.71,73.03,2
lettuce,20.63,64,4.9,5.94,12,0.62,91.96,2
lettuce,22.98,74,5.0,5.8,41,1.44,74.21,2
lettuce,20.1,64,5.8,6.03,51,0.46,80.53,2
lettuce,18.4,68,5.2,5.9,67,1.11,78.88,2
lettuce,40.9,50,4.6,5.75,95,0.82,48.0,1
lettuce,24.37,62,3.9,6.05,72,0.24,63.01,1
lettuce,15.36,69,4.1,5.81,46,0.83,69.92,1
lettuce,20.34,57,4.2,5.86,25,0.92,82.19,2
lettuce,20.8,65,5.1,5.68,36,0.11,78.67,2
lettuce,45.11,50,3.6,5.88,55,1.16,48.27,1
lettuce,25.03,72,5.1,5.6,45,0.28,65.02,1
lettuce,17.78,65,2.6,5.97,46,0.89,72.21,2
lettuce,23.3,64,4.8,6.54,44,1.06,71.93,2
lettuce,31.81,56,3.9,6.14,60,0.89,54.37,1
lettuce,47.55,46,3.3,5.74,51,0.07,37.13,0
lettuce,19.05,57,5.9,6.15,72,0.72,70.85,2
lettuce,26.04,75,6.0,6.08,58,0.87,63.9,1
lettuce,24.34,67,5.9,6.11,79,1.62,62.2,1
lettuce,20.46,58,5.0,6.16,54,1.48,78.55,2
lettuce,20.04,77,5.2,5.83,45,0.71,79.94,2
lettuce,18.31,62,3.8,6.29,36,1.17,72.07,2
lettuce,23.52,67,4.5,5.9,41,1.61,73.46,2
lettuce,25.59,60,6.2,6.18,43,0.8,65.72,1
lettuce,15.55,61,5.4,6.11,39,0.67,75.48,2
lettuce,16.03,66,5.8,6.09,16,1.43,76.68,2
lettuce,17.94,57,4.7,5.87,43,1.55,74.45,2
lettuce,20.7,55,5.7,6.23,26,0.64,77.25,2
lettuce,27.56,71,4.8,6.03,35,1.16,71.78,2
lettuce,17.6,65,5.6,6.26,30,1.81,72.92,2
lettuce,27.21,66,5.1,6.23,36,1.16,71.56,2
lettuce,9.63,64,5.5,6.38,47,0.98,59.65,1
lettuce,14.06,62,4.8,6.0,68,0.14,67.45,1
lettuce,22.03,61,5.6,6.0,54,0.93,80.19,2
lettuce,17.91,55,4.5,6.05,53,0.73,75.82,2
lettuce,14.46,61,4.1,5.97,44,1.22,69.57,1
lettuce,22.23,65,4.7,6.39,48,1.04,76.32,2
lettuce,20.1,71,6.0,6.25,41,1.04,76.3,2
lettuce,18.65,63,6.2,5.93,37,0.47,76.15,2
lettuce,29.36,58,6.6,6.21,34,0.82,55.25,1
lettuce,19.24,54,6.3,5.93,42,1.11,73.08,2
lettuce,24.38,65,5.8,6.1,50,1.53,69.66,1
lettuce,24.56,60,5.0,5.97,30,0.0,75.28,2
lettuce,19.85,64,4.4,6.06,35,1.21,85.08,2
lettuce,36.35,50,4.8,5.46,40,0.77,52.45,1
lettuce,25.02,61,4.3,5.78,49,0.72,68.64,1
lettuce,17.62,70,4.6,6.1,62,0.97,76.82,2
lettuce,26.65,59,4.3,6.09,61,1.15,64.4,1
lettuce,23.68,70,5.4,5.56,43,1.3,67.84,1
lettuce,33.51,59,7.2,5.97,42,1.25,51.48,1
lettuce,22.14,57,4.8,6.22,24,1.12,79.99,2
lettuce,19.34,62,5.1,5.68,49,1.35,78.11,2
lettuce,18.02,62,5.5,6.19,36,0.79,80.07,2
lettuce,34.28,57,5.8,5.92,66,1.05,56.15,1
lettuce,20.64,64,6.0,5.88,35,1.43,78.07,2
lettuce,20.88,65,5.1,6.0,36,0.81,90.74,2
lettuce,6.11,66,4.8,6.34,75,0.86,58.37,1
lettuce,20.23,59,4.8,6.17,74,1.37,75.39,2
lettuce,21.88,58,5.1,6.32,46,0.88,77.76,2
lettuce,15.54,70,4.3,5.75,42,1.21,68.75,1
lettuce,19.36,66,3.7,5.87,61,0.81,74.95,2
lettuce,18.97,80,5.3,6.12,30,0.64,78.62,2
lettuce,22.57,57,5.3,5.92,39,0.85,80.09,2
lettuce,14.82,62,5.2,6.14,29,1.02,78.01,2
lettuce,20.13,63,4.8,6.07,31,0.74,89.34,2
lettuce,21.87,68,3.3,5.86,35,0.87,73.13,2
lettuce,15.34,66,4.9,6.07,36,1.12,80.2,2
lettuce,46.93,56,4.0,6.28,56,1.49,48.15,1
lettuce,26.51,57,4.0,5.87,59,0.9,63.05,1
lettuce,14.85,69,4.1,6.0,56,0.99,70.87,2
lettuce,12.65,73,5.1,6.17,50,1.37,64.9,1
lettuce,15.71,49,5.6,5.7,45,0.3,60.42,1
lettuce,19.59,70,5.2,6.31,37,1.45,78.23,2
lettuce,39.88,55,6.0,5.96,50,0.94,58.03,1
lettuce,20.74,56,5.6,6.16,61,0.41,72.07,2
lettuce,9.84,62,4.5,6.21,50,1.34,58.55,1
lettuce,19.1,59,4.7,6.07,57,0.82,81.38,2
lettuce,42.32,62,4.4,6.22,28,1.16,62.77,1
lettuce,21.07,66,4.0,5.62,34,0.52,73.43,2
lettuce,23.08,62,5.5,5.76,37,0.67,75.71,2
lettuce,20.0,68,5.5,5.78,61,0.59,77.6,2
lettuce,20.49,70,4.6,5.92,56,0.51,79.34,2
lettuce,19.7,64,6.0,5.8,62,1.74,70.07,2
lettuce,18.71,81,6.0,5.96,79,1.27,64.87,1
lettuce,47.16,66,4.4,5.63,65,0.1,50.1,1
lettuce,30.43,60,4.3,5.96,37,0.63,63.03,1
lettuce,20.76,67,3.2,6.34,34,1.2,69.01,1
lettuce,21.89,60,3.1,6.02,63,0.81,67.82,1
lettuce,14.15,71,5.2,6.28,52,0.61,67.12,1
lettuce,41.93,66,5.3,6.22,79,1.2,57.18,1
lettuce,22.05,68,4.0,6.4,70,0.83,66.65,1
lettuce,18.4,65,4.3,6.07,52,0.93,81.23,2
lettuce,18.56,65,5.4,5.82,35,0.52,81.52,2
lettuce,34.86,51,5.5,6.37,68,1.17,48.27,1
lettuce,12.97,67,4.6,6.05,41,1.0,73.27,2
lettuce,15.89,74,4.5,5.88,38,0.54,71.8,2
lettuce,20.38,64,4.0,6.13,39,1.15,80.06,2
lettuce,20.2,67,4.9,6.6,41,0.71,77.43,2
lettuce,30.58,65,4.8,6.34,53,0.73,61.45,1
basil,14.39,61,8.1,6.26,60,1.46,58.25,1
basil,23.64,65,7.0,5.7,53,1.26,77.81,2
basil,32.89,68,5.5,6.54,56,1.09,52.0,1
basil,21.5,58,6.6,6.05,52,1.56,76.55,2
basil,10.91,63,7.2,6.17,37,1.11,70.01,2
basil,23.03,63,8.0,6.29,46,0.77,74.84,2
basil,30.68,44,5.7,5.87,62,1.09,52.69,1
basil,24.8,70,6.0,5.88,32,1.07,75.05,2
basil,22.48,70,8.5,6.03,75,1.41,61.3,1
basil,20.66,58,7.8,6.4,69,1.21,69.01,1
basil,24.35,65,7.2,6.08,65,0.97,81.31,2
basil,28.31,46,8.3,6.23,29,0.56,63.97,1
basil,26.16,59,7.7,6.31,41,1.07,82.44,2
basil,28.56,69,7.0,6.61,61,1.28,68.9,1
basil,23.08,60,6.8,5.9,54,1.22,82.09,2
basil,27.19,72,7.9,5.93,62,1.35,65.77,1
basil,24.94,74,8.1,6.35,58,1.02,68.37,1
basil,20.32,61,5.7,6.2,49,1.78,68.13,1
basil,32.23,48,7.7,6.07,79,1.42,56.32,1
basil,11.27,69,5.6,6.33,58,1.47,49.18,1
basil,24.64,68,6.9,6.31,45,1.63,80.32,2
basil,18.82,60,6.8,6.16,37,1.25,79.71,2
basil,33.89,56,6.9,6.24,73,0.66,62.97,1
basil,23.78,53,5.7,5.87,52,1.0,69.37,1
basil,21.66,60,5.9,6.37,69,1.21,70.72,2
basil,23.12,60,6.5,6.4,31,0.83,81.99,2
basil,6.38,64,5.8,5.95,65,0.93,53.63,1
basil,32.13,55,7.3,6.05,57,0.51,65.67,1
basil,21.59,55,6.6,6.45,55,1.37,72.06,2
basil,19.19,61,6.8,6.34,49,1.15,75.67,2
basil,25.15,67,6.8,5.99,43,1.23,83.4,2
basil,21.12,60,6.4,6.55,33,0.82,74.57,2
basil,25.64,68,6.7,6.07,38,1.25,82.8,2
basil,25.13,74,6.6,6.03,53,1.0,75.36,2
basil,23.85,56,5.6,5.9,44,1.03,72.88,2
basil,25.98,52,6.9,6.14,41,1.44,83.12,2
basil,28.96,66,8.1,6.01,41,1.41,69.34,1
basil,26.0,45,8.1,6.06,41,1.46,68.98,1
basil,17.15,60,6.8,6.14,60,0.82,71.47,2
basil,23.93,66,6.9,6.03,25,1.32,85.92,2
basil,17.98,63,7.2,6.91,20,1.52,65.26,1
basil,23.76,65,7.6,5.68,56,0.95,72.25,2
basil,21.63,55,8.2,6.04,41,1.13,72.39,2
basil,11.15,60,7.6,6.03,53,0.83,63.62,1
basil,27.34,67,6.7,6.03,24,0.82,80.34,2
basil,11.21,68,7.0,6.46,48,1.09,61.49,1
basil,30.63,60,6.4,5.78,49,1.15,71.01,2
basil,28.1,55,6.3,5.67,40,1.5,69.2,1
basil,22.06,70,7.9,6.56,75,0.77,59.79,1
basil,21.27,71,6.9,6.18,53,0.63,71.87,2
basil,24.45,68,7.0,6.11,53,1.24,83.6,2
basil,11.43,68,5.1,6.14,54,1.29,50.46,1
basil,26.23,65,7.4,5.96,57,0.7,76.45,2
basil,16.94,65,6.2,6.23,25,0.79,66.94,1
basil,40.99,68,7.2,6.12,54,1.71,60.44,1
basil,22.51,55,5.6,6.42,64,0.49,62.89,1
basil,17.56,62,7.0,5.99,55,0.88,71.11,2
basil,19.7,58,6.4,6.28,56,1.37,71.49,2
basil,30.0,58,6.9,6.39,29,0.97,78.54,2
basil,27.45,63,6.8,5.95,48,1.14,80.83,2
basil,20.37,60,7.1,6.17,61,1.45,78.53,2
basil,13.16,53,7.3,6.19,75,1.0,59.46,1
basil,30.33,57,6.6,6.56,46,1.46,68.88,1
basil,26.54,59,7.0,5.97,40,1.04,86.6,2
basil,26.2,66,6.2,6.02,34,1.1,79.58,2
basil,26.22,69,9.0,5.8,42,0.77,61.73,1
basil,24.89,58,7.4,5.85,68,0.39,75.73,2
basil,42.54,50,6.2,6.44,54,1.22,53.32,1
basil,45.55,54,6.1,6.59,53,0.91,52.42,1
basil,21.66,71,7.5,6.27,47,1.03,71.54,2
basil,28.25,70,7.5,6.23,57,0.76,69.96,1
basil,23.03,51,7.3,5.88,53,1.25,74.16,2
basil,11.68,60,7.7,6.11,15,1.79,68.06,1
basil,21.99,63,6.2,6.46,23,0.69,74.72,2
basil,29.98,54,8.3,5.71,44,0.92,60.9,1
basil,43.32,49,7.0,6.43,60,1.24,57.68,1
basil,26.73,62,7.5,5.91,35,1.19,81.98,2
basil,30.8,71,7.1,6.02,48,0.52,66.31,1
basil,24.11,60,6.5,6.24,43,0.84,84.65,2
basil,21.49,62,7.7,5.97,48,0.75,73.72,2
basil,32.03,65,7.1,6.13,31,0.67,73.54,2
basil,23.78,59,7.7,6.74,38,1.35,75.46,2
basil,23.81,56,7.2,6.15,33,1.04,87.4,2
basil,26.56,59,6.8,5.79,31,1.26,83.68,2
basil,27.09,60,7.2,6.72,41,1.04,78.6,2
basil,27.13,59,7.1,6.2,36,0.77,85.7,2
basil,23.47,49,6.2,6.81,49,1.05,64.41,1
basil,26.95,62,7.2,6.26,54,1.01,82.28,2
basil,24.83,43,6.9,5.79,49,0.94,71.85,2
basil,34.44,58,6.7,5.87,69,0.82,60.51,1
basil,23.92,59,6.7,6.01,45,1.17,85.65,2
basil,8.86,73,5.5,5.67,37,1.33,44.86,0
basil,26.14,58,5.9,6.1,48,0.81,77.82,2
basil,27.4,63,6.5,6.29,35,1.39,80.25,2
basil,20.12,67,7.8,6.39,23,1.43,70.11,2
basil,24.44,78,7.8,6.43,62,1.01,64.71,1
basil,30.1,54,6.8,6.34,31,1.52,73.93,2
basil,38.56,50,7.5,5.83,31,1.43,57.41,1
basil,26.66,48,7.5,6.24,38,1.35,75.52,2
basil,24.17,66,6.5,6.11,63,1.47,77.9,2
basil,25.23,54,7.3,6.3,45,0.83,81.68,2
basil,28.01,55,5.9,6.1,46,0.39,69.66,1
basil,40.11,50,6.9,6.56,67,1.4,53.66,1
basil,27.41,51,7.7,5.81,68,1.64,64.61,1
basil,37.91,54,6.9,5.69,57,0.8,56.85,1
basil,23.54,64,7.2,6.39,42,1.04,81.78,2
basil,5.8,53,7.0,6.62,46,1.13,60.32,1
basil,27.68,53,7.3,6.21,55,0.83,75.87,2
basil,28.61,41,7.2,5.96,26,1.02,69.34,1
basil,31.62,55,7.3,6.41,56,1.17,68.03,1
basil,28.83,61,8.0,5.78,49,1.08,70.45,2
basil,7.03,70,7.5,6.09,65,1.14,57.77,1
basil,29.47,58,6.5,5.99,42,0.84,75.06,2
basil,25.29,52,6.4,6.62,3,2.19,75.11,2
basil,47.39,49,6.8,5.63,71,0.74,48.92,1
basil,23.59,58,8.1,5.84,72,1.48,69.64,1
basil,27.79,58,7.1,6.11,44,0.85,83.02,2
basil,25.53,66,7.8,6.39,42,1.31,77.34,2
basil,27.59,62,7.0,5.41,28,0.66,74.75,2
basil,41.64,61,6.5,6.21,58,1.3,64.77,1
basil,24.65,61,6.2,6.22,48,1.62,81.32,2
basil,28.36,70,8.1,6.32,44,1.95,63.44,1
basil,20.99,65,7.7,6.04,45,0.78,72.19,2
basil,27.3,61,7.1,6.04,22,2.22,82.53,2
basil,31.1,44,7.7,6.83,68,1.52,47.45,1
basil,25.92,65,7.3,6.28,54,0.95,80.68,2
basil,25.08,58,8.1,5.98,5,1.09,86.35,2
basil,25.37,59,5.8,6.31,55,0.51,74.82,2
basil,27.19,67,7.2,6.11,48,0.9,79.4,2
basil,20.44,65,6.7,6.29,55,0.42,69.97,1
basil,24.3,70,6.6,5.94,38,1.74,75.55,2
basil,26.44,67,7.4,6.26,40,1.05,80.44,2
basil,23.88,51,7.2,6.35,43,0.83,77.94,2
basil,27.87,67,6.3,6.47,69,0.51,64.46,1
basil,27.37,60,6.9,5.87,30,0.75,83.23,2
basil,24.21,60,6.8,6.53,42,0.66,81.73,2
basil,20.6,64,7.2,6.19,61,1.18,76.52,2
basil,23.43,64,5.9,5.95,47,1.23,74.83,2
basil,27.8,55,6.0,6.16,63,1.15,73.3,2
basil,25.11,72,7.7,6.47,34,1.27,74.67,2
basil,26.89,60,6.3,6.38,44,1.56,78.25,2
basil,22.74,63,7.2,6.05,52,1.77,78.54,2
basil,25.63,59,6.1,6.1,57,1.65,78.76,2
basil,29.94,60,6.5,5.74,71,0.57,65.73,1
basil,25.38,59,7.1,6.25,48,1.78,85.11,2
basil,49.2,50,7.9,5.63,41,1.3,50.56,1
basil,27.63,49,7.3,6.09,51,1.06,74.94,2
basil,27.83,56,8.0,5.94,58,1.4,70.22,2
basil,19.53,63,6.4,6.18,37,1.26,75.51,2
basil,20.4,58,9.1,6.62,46,1.51,57.87,1
basil,26.95,74,6.7,6.12,41,0.87,74.93,2
basil,24.68,69,7.0,6.28,57,1.51,79.72,2
basil,28.1,57,8.4,6.47,45,0.84,67.38,1
basil,23.77,56,6.7,6.2,39,1.61,82.81,2
basil,39.97,49,6.4,5.96,65,0.83,52.44,1
basil,48.33,51,7.9,6.27,52,1.31,55.71,1
basil,22.01,69,7.6,6.48,64,1.01,67.02,1
basil,24.0,66,5.3,5.91,35,0.58,68.32,1
basil,22.78,74,7.0,6.59,28,1.49,71.98,2
basil,23.12,58,6.1,6.29,19,1.82,78.97,2
basil,25.32,67,6.7,6.14,46,0.78,82.45,2
basil,7.5,71,6.7,6.45,81,0.59,49.13,1
basil,34.11,64,7.8,6.06,53,0.78,61.07,1
basil,45.83,51,7.4,6.19,46,0.76,60.26,1
basil,30.22,54,5.4,6.02,55,1.18,62.42,1
basil,27.58,54,7.1,5.76,28,1.59,76.69,2
basil,22.85,52,7.2,5.67,46,0.9,72.27,2
basil,20.23,71,8.0,5.88,31,1.06,65.26,1
basil,24.98,65,7.2,6.18,29,0.91,88.38,2
basil,26.73,62,8.7,6.22,64,0.5,67.54,1
basil,26.24,49,8.4,6.18,45,0.36,66.74,1
basil,23.54,60,7.6,6.16,49,0.44,80.71,2
basil,23.7,62,6.1,6.12,74,0.98,76.3,2
basil,24.29,54,6.7,5.88,48,1.4,78.82,2
basil,22.35,66,6.6,5.74,53,1.73,69.33,1
basil,21.74,55,7.6,6.37,33,1.13,76.65,2
basil,27.7,51,6.8,6.17,50,1.04,77.7,2
basil,8.67,69,6.4,6.3,57,1.37,56.38,1
basil,20.6,59,7.8,6.03,86,0.87,67.73,1
basil,23.52,59,7.6,6.07,37,1.38,83.51,2
basil,27.07,58,7.2,6.17,53,0.54,80.81,2
basil,19.05,61,6.6,6.42,21,1.22,76.55,2
basil,30.1,55,7.2,6.29,34,1.08,76.75,2
basil,21.95,58,6.3,6.03,30,1.01,79.86,2
basil,17.38,64,7.2,6.28,48,0.69,68.17,1
basil,23.56,69,6.3,6.23,50,1.53,73.96,2
basil,47.08,50,8.5,5.92,49,0.9,48.7,1
basil,25.23,55,8.8,6.57,45,1.54,66.61,1
basil,31.28,57,6.7,6.03,40,1.19,74.7,2
basil,32.48,53,5.2,6.26,53,1.09,56.09,1
basil,27.61,60,6.7,5.97,38,1.5,81.86,2
basil,24.77,58,6.4,5.74,71,0.25,71.02,2
basil,35.31,59,5.9,6.17,65,0.94,59.46,1
basil,24.93,66,7.3,6.19,63,1.46,80.98,2
basil,5.07,65,6.1,6.37,33,1.47,59.16,1
basil,23.1,64,6.9,6.46,62,1.58,75.61,2
basil,22.37,56,5.9,5.89,53,1.3,70.45,2
basil,24.4,65,6.6,6.19,40,1.2,84.99,2
basil,5.58,63,8.1,5.78,49,1.11,56.03,1
basil,17.14,57,6.8,6.39,79,0.88,63.1,1
basil,25.88,70,7.0,5.56,50,1.27,73.26,2
basil,29.85,52,5.9,6.45,44,1.11,64.43,1
basil,25.27,66,7.7,5.86,60,1.21,75.66,2
basil,25.39,59,7.4,6.0,44,1.03,85.69,2
basil,25.48,63,7.3,5.74,45,1.06,80.78,2
basil,5.47,68,7.5,5.86,46,1.34,57.59,1
basil,31.52,65,9.0,5.9,40,0.89,56.68,1
basil,26.97,63,6.9,6.32,42,1.33,82.92,2
basil,25.63,58,6.4,6.07,35,1.27,85.42,2
basil,24.07,61,5.6,6.16,45,1.77,76.17,2
basil,45.23,52,7.6,6.08,84,1.16,55.44,1
basil,46.41,54,7.3,6.08,61,1.82,58.85,1
basil,16.84,56,7.8,6.27,53,1.47,62.8,1
basil,24.22,66,6.7,6.34,64,1.42,77.33,2
basil,23.97,64,8.0,5.89,14,0.92,79.93,2
basil,23.81,56,6.9,5.93,43,0.66,80.99,2
basil,39.69,54,7.1,5.81,49,1.52,59.8,1
basil,22.86,62,6.0,6.5,31,1.55,74.21,2
basil,41.03,44,6.7,5.71,33,0.8,51.85,1
basil,19.43,67,5.9,6.04,60,1.03,63.73,1
basil,23.77,59,6.9,6.05,49,1.08,86.55,2
basil,27.33,66,6.8,6.11,51,1.1,80.58,2
basil,27.01,72,6.5,6.32,49,0.98,72.08,2
basil,19.23,56,6.1,6.25,63,1.45,65.71,1
basil,24.48,58,7.8,6.12,28,1.45,84.93,2
basil,24.74,65,6.1,6.33,45,1.5,77.23,2
basil,25.81,65,6.8,5.95,75,0.46,74.46,2
basil,23.53,60,6.7,6.46,46,1.07,82.49,2
basil,27.68,63,5.8,6.51,65,1.41,66.32,1
basil,24.47,61,6.1,6.0,43,1.63,79.69,2
basil,26.2,61,6.8,6.6,38,0.71,79.99,2
basil,24.31,59,7.8,6.15,52,0.88,82.28,2
basil,23.11,55,8.7,6.48,31,0.3,64.87,1
basil,25.8,59,7.0,5.97,12,0.59,89.74,2
basil,20.78,59,7.9,5.89,57,0.76,69.0,1
basil,26.94,76,6.3,6.24,49,1.83,65.95,1
basil,28.96,54,7.7,6.03,50,1.45,71.03,2
basil,15.7,56,7.0,6.01,49,0.69,66.0,1
basil,38.52,45,5.9,6.29,15,1.43,54.39,1
basil,24.27,66,6.8,5.76,50,1.46,77.02,2
basil,43.97,50,6.8,6.21,65,0.85,58.31,1
basil,37.06,65,5.9,6.07,52,1.3,57.89,1
basil,24.89,48,5.7,6.11,38,0.54,70.98,2
basil,25.94,63,5.4,6.05,32,1.16,77.35,2
basil,24.87,60,7.5,6.51,51,1.07,82.13,2
basil,24.32,63,7.5,6.15,54,1.28,83.57,2
basil,14.52,67,6.6,6.16,74,1.05,59.62,1
basil,28.09,67,6.0,6.4,29,1.25,72.17,2
basil,23.54,61,6.1,5.94,53,1.35,77.02,2
basil,12.09,69,5.7,6.03,75,1.55,47.76,1
basil,28.55,57,7.1,5.94,23,1.24,82.6,2
basil,28.32,49,6.6,5.96,55,1.3,69.84,1
basil,23.83,57,6.5,6.25,48,1.7,79.5,2
basil,25.34,56,6.0,6.15,52,0.94,79.58,2
basil,16.55,55,6.7,5.95,70,1.18,63.08,1
basil,20.4,68,6.5,5.87,31,1.04,71.33,2
basil,37.92,58,8.2,6.5,47,0.87,55.24,1
basil,28.56,64,6.4,5.93,28,0.31,72.75,2
basil,23.52,69,8.4,6.69,35,1.33,65.04,1
basil,20.83,67,7.2,6.02,37,1.52,75.04,2
basil,27.71,68,6.7,6.19,42,0.58,75.9,2
basil,33.07,56,6.8,5.64,45,1.04,63.94,1
basil,22.96,57,5.5,6.24,0,1.16,80.98,2
basil,25.96,54,7.7,6.08,33,1.08,81.76,2
basil,18.35,68,6.6,6.34,51,1.03,66.22,1
basil,24.37,61,7.7,6.09,50,1.53,81.89,2
basil,37.68,49,7.0,6.38,67,1.03,57.2,1
basil,37.43,52,8.2,6.22,53,1.56,53.36,1
basil,24.29,56,6.4,6.56,48,0.92,76.03,2
basil,27.43,46,7.9,6.51,31,0.67,64.76,1
basil,25.71,44,7.4,5.67,40,1.39,68.63,1
basil,30.51,70,8.0,6.52,42,0.91,60.41,1
basil,24.07,61,6.6,6.24,37,1.49,85.31,2
basil,15.67,71,8.4,6.06,50,1.21,53.16,1
basil,30.42,59,6.5,6.46,19,1.1,76.67,2
basil,18.89,70,6.8,5.85,38,0.78,66.14,1
basil,8.98,78,7.0,6.16,56,0.53,54.08,1
basil,14.96,61,7.7,6.52,27,0.76,61.86,1
basil,24.5,62,6.5,5.82,54,0.73,77.89,2
basil,25.32,54,6.8,6.48,21,1.52,82.88,2
basil,44.0,48,8.8,6.31,44,0.85,46.5,1
basil,18.34,66,6.3,6.33,54,1.47,63.97,1
basil,16.72,59,7.4,5.95,65,0.94,65.38,1
basil,28.05,65,7.4,6.26,28,1.6,78.5,2
basil,20.41,61,7.3,6.3,16,1.17,82.93,2
basil,17.55,63,7.1,6.5,24,1.67,69.96,1
basil,29.31,53,6.7,6.13,37,1.02,77.12,2
basil,18.67,58,7.2,6.73,48,0.66,65.15,1
basil,18.29,58,6.5,6.14,22,1.16,77.73,2
basil,24.95,68,8.3,6.0,28,1.11,77.3,2
basil,24.07,53,6.4,5.84,40,0.99,76.53,2
basil,26.0,64,8.1,5.98,41,0.99,76.89,2
basil,25.83,66,5.2,5.89,32,1.16,71.36,2
basil,25.44,63,7.1,6.39,44,1.0,84.78,2
basil,12.72,66,6.9,6.0,44,1.34,64.56,1
basil,26.13,60,7.6,5.72,43,0.93,78.72,2
basil,21.39,58,7.3,6.34,39,1.46,78.28,2
basil,21.18,57,6.8,6.37,35,1.44,78.13,2
basil,21.5,69,6.1,5.94,66,1.42,64.53,1
basil,24.93,64,5.3,6.06,29,0.93,76.97,2
basil,26.93,57,6.8,5.77,32,1.18,81.44,2
basil,16.35,56,8.1,6.43,39,0.93,59.85,1
basil,26.71,60,7.3,5.91,36,1.19,84.86,2
basil,23.88,55,8.4,6.16,62,0.83,71.94,2
basil,8.59,63,7.3,6.11,80,0.94,61.34,1
basil,23.92,64,7.0,6.59,41,0.61,78.59,2
basil,24.76,56,7.0,6.16,41,1.09,89.71,2
basil,28.11,62,6.2,6.34,32,1.16,78.38,2
basil,25.35,67,7.1,6.44,34,1.36,82.37,2
basil,22.15,65,6.6,6.07,10,0.57,81.37,2
basil,28.88,63,6.3,5.96,45,0.29,69.84,1
basil,21.06,68,7.2,5.41,42,1.39,65.36,1
basil,25.98,49,7.9,5.68,62,1.61,63.56,1
basil,26.09,57,7.8,6.2,27,1.66,81.65,2
basil,24.71,51,7.6,5.69,54,1.08,72.37,2
basil,26.41,50,8.5,6.25,16,1.32,73.43,2
basil,5.46,65,6.7,6.72,35,1.16,59.79,1
basil,44.04,58,5.9,5.97,72,0.84,54.58,1
basil,7.57,58,8.2,6.24,59,0.66,56.16,1
basil,20.66,57,7.1,6.41,42,1.66,74.86,2
basil,23.9,63,7.1,6.3,63,1.14,82.74,2
basil,32.06,61,6.0,6.48,58,0.68,60.87,1
basil,34.01,61,7.2,5.82,75,1.84,59.06,1
basil,24.79,57,6.4,6.52,61,1.0,76.87,2
basil,23.34,59,5.1,6.26,25,1.12,75.97,2
basil,29.29,54,7.8,5.94,47,1.37,69.16,1
basil,23.83,62,7.0,6.07,37,0.34,84.47,2
basil,24.85,65,6.5,6.14,25,1.39,86.79,2
basil,26.28,54,6.6,5.96,20,1.26,83.29,2
basil,26.61,75,7.0,6.6,62,1.72,65.72,1
basil,25.88,53,7.8,5.96,24,0.78,78.2,2
basil,19.75,64,5.4,5.86,40,1.13,63.77,1
basil,18.52,67,8.6,6.19,61,0.77,57.55,1
basil,9.62,70,6.9,6.4,40,1.03,61.04,1
basil,28.14,54,6.8,5.91,37,0.47,74.34,2
basil,12.59,66,6.1,5.87,51,1.34,55.48,1
basil,26.21,51,6.7,5.77,62,1.3,72.31,2
basil,26.31,66,6.7,6.37,24,1.13,83.44,2
basil,20.56,70,8.0,6.21,55,0.91,65.32,1
basil,26.53,54,7.1,6.27,20,1.45,85.0,2
basil,42.7,55,7.1,5.81,54,1.51,59.84,1
basil,25.0,64,8.4,6.08,39,0.6,76.19,2
basil,18.48,63,6.4,5.93,66,1.41,65.14,1
basil,29.99,62,7.0,6.17,58,0.81,77.29,2
basil,22.81,62,6.8,6.11,44,1.06,84.71,2
basil,24.69,59,5.3,6.43,69,1.33,69.9,1
basil,28.48,68,6.4,6.57,35,1.18,70.52,2
basil,26.44,54,7.3,6.33,29,1.48,81.2,2
basil,15.69,60,6.9,6.2,40,0.3,68.71,1
basil,22.82,67,7.0,6.72,24,1.04,77.28,2
basil,6.47,62,6.4,5.96,42,1.36,63.38,1
basil,24.36,65,7.5,6.14,36,1.36,84.29,2
basil,24.53,66,7.5,6.01,62,0.79,77.0,2
basil,33.7,51,7.2,6.04,43,0.96,64.92,1
basil,28.35,62,8.5,6.03,65,1.44,67.0,1
basil,33.61,60,6.9,6.24,65,1.25,70.06,2
basil,28.23,67,6.8,5.72,48,1.21,72.44,2
basil,26.08,59,7.1,6.33,50,1.03,85.17,2
basil,14.2,64,7.2,6.2,65,1.0,63.85,1
basil,21.51,62,7.7,6.15,60,1.28,76.27,2
basil,24.01,55,9.0,5.82,7,0.97,72.06,2
basil,24.76,65,7.3,6.11,60,1.74,80.2,2
basil,25.85,52,9.0,5.93,63,1.67,61.16,1
basil,24.59,75,7.2,6.21,66,1.8,71.53,2
basil,27.76,60,7.2,6.26,54,0.88,81.39,2
basil,39.96,49,7.4,6.15,46,1.46,59.85,1
basil,21.78,63,6.5,6.25,57,1.47,75.37,2
basil,24.01,57,7.4,5.82,24,0.25,78.71,2
basil,29.15,67,8.3,6.2,36,1.0,69.51,1
basil,23.78,59,7.1,6.23,42,0.92,87.01,2
basil,21.11,64,8.3,6.17,29,1.15,74.7,2
basil,29.17,58,7.8,6.38,47,1.65,70.45,2
basil,25.13,56,7.5,6.03,41,1.36,83.6,2
basil,24.88,63,7.3,5.97,24,1.08,88.39,2
basil,27.99,51,7.4,5.86,40,0.59,70.36,2
basil,26.22,65,6.3,6.29,49,1.21,78.51,2
basil,22.98,64,6.8,6.42,55,0.84,77.02,2
basil,18.82,64,7.0,6.13,56,1.05,75.13,2
basil,21.83,60,7.0,6.12,62,1.36,82.42,2
basil,22.02,64,7.0,6.21,63,1.23,79.95,2
basil,16.53,62,6.5,5.9,62,0.68,61.66,1
basil,21.74,57,6.8,6.3,64,1.1,77.28,2
basil,37.06,66,7.2,6.48,33,1.03,63.14,1
basil,26.96,59,6.9,6.14,50,1.37,85.44,2
basil,27.2,53,8.0,6.03,15,1.29,77.87,2
basil,39.56,62,5.7,6.0,38,1.21,60.24,1
basil,25.79,52,6.8,5.97,49,1.08,80.2,2
basil,24.01,58,6.4,6.1,59,1.0,81.29,2
basil,25.11,58,7.5,5.99,49,1.18,84.35,2
basil,35.71,63,6.9,6.34,29,0.69,66.91,1
basil,24.24,63,5.5,6.34,43,1.41,73.91,2
basil,14.56,59,8.3,6.44,62,1.53,53.26,1
basil,24.29,61,6.7,6.12,44,0.54,84.76,2
basil,24.69,58,7.1,6.12,14,1.54,92.22,2
basil,19.77,60,6.6,6.18,80,1.7,70.54,2
basil,30.86,53,7.2,6.37,55,1.48,67.74,1
basil,25.55,58,6.3,6.12,14,2.15,83.65,2
basil,28.13,59,7.0,5.76,48,1.09,79.25,2
basil,32.34,55,6.8,6.26,71,0.78,65.28,1
basil,23.0,63,6.5,6.23,58,1.33,78.79,2
basil,20.75,58,6.6,6.13,63,1.2,76.71,2
basil,37.27,62,7.9,5.97,74,1.42,56.01,1
basil,26.14,55,7.2,6.02,55,1.79,78.24,2
basil,31.94,52,5.8,6.08,49,0.99,61.56,1
basil,17.57,64,6.4,5.99,25,1.11,71.1,2
basil,29.79,53,7.8,6.04,32,0.46,68.5,1
basil,22.82,58,6.4,5.86,38,1.56,76.92,2
basil,25.18,68,7.1,6.78,41,1.47,75.01,2
basil,25.57,57,6.9,6.58,51,1.04,80.75,2
basil,27.22,60,5.7,6.36,33,1.2,77.21,2
basil,46.71,64,7.1,6.09,13,0.64,70.33,2
basil,26.02,53,8.6,5.86,63,0.99,65.61,1
basil,33.78,59,6.5,6.16,74,1.29,65.58,1
basil,15.02,57,7.8,6.54,39,0.55,56.26,1
basil,23.98,57,7.6,5.87,16,1.04,83.79,2
basil,22.66,72,6.1,5.83,60,1.32,64.42,1
basil,17.79,60,7.7,6.19,39,1.16,73.66,2
basil,25.54,63,9.0,5.89,70,1.17,66.78,1
basil,31.46,62,6.9,6.37,51,1.16,73.54,2
basil,30.36,55,5.9,6.4,48,1.84,61.99,1
basil,24.47,65,6.7,5.87,41,1.29,81.5,2
basil,23.54,62,7.2,6.13,36,1.48,86.29,2
basil,29.17,44,7.2,5.99,40,0.83,67.66,1
basil,28.53,54,6.8,6.2,41,1.37,78.57,2
basil,27.45,54,6.0,6.34,34,1.09,74.59,2
basil,24.42,59,7.3,6.45,19,1.59,85.71,2
basil,25.1,61,7.9,6.38,36,0.88,81.63,2
basil,26.88,65,6.9,6.13,57,1.42,81.07,2
basil,24.68,50,6.9,5.79,39,0.85,77.81,2
basil,47.97,51,8.7,6.51,64,0.77,42.88,0
basil,23.37,58,6.8,6.11,63,0.46,79.37,2
basil,26.84,52,6.8,6.25,62,1.31,76.8,2
basil,23.47,61,6.5,6.35,24,1.26,85.02,2
basil,22.17,48,7.3,6.38,61,1.2,69.87,1
basil,25.36,61,6.6,6.23,59,1.51,83.1,2
basil,40.82,50,6.8,6.45,55,0.64,54.92,1
basil,17.3,63,6.7,6.01,50,1.16,70.2,2
basil,9.99,57,8.0,6.3,59,1.12,58.69,1
basil,34.94,48,7.7,6.1,46,1.28,57.26,1
basil,25.02,59,4.9,5.83,12,1.28,76.68,2
basil,24.05,60,7.6,5.72,53,0.96,77.71,2
basil,16.16,59,6.2,6.48,65,1.73,57.08,1
basil,34.16,46,7.4,5.97,54,0.93,55.81,1
basil,21.0,74,7.5,6.03,45,0.74,66.57,1
basil,11.91,63,6.4,6.15,35,0.63,64.81,1
basil,25.22,69,6.1,6.15,51,1.11,77.98,2
basil,46.98,47,6.6,6.2,53,0.41,53.97,1
basil,27.85,55,7.1,6.14,33,1.05,83.98,2
basil,7.12,58,7.6,6.17,50,1.36,64.76,1
basil,24.96,62,5.0,5.5,35,1.28,67.27,1
basil,25.08,59,8.1,6.3,31,0.6,80.53,2
basil,26.17,59,6.1,6.41,61,0.51,73.01,2
basil,22.92,58,6.2,5.83,34,1.8,74.36,2
basil,15.1,72,7.7,6.13,57,1.29,56.05,1
basil,43.29,48,6.0,5.82,74,1.24,46.51,1
basil,32.6,50,7.0,6.05,60,1.52,64.35,1
basil,24.15,51,6.6,6.33,65,1.27,75.07,2
basil,26.46,67,6.8,5.95,43,1.21,80.28,2
basil,30.45,58,7.0,6.08,41,1.56,77.8,2
basil,18.74,57,6.4,6.26,41,0.88,71.14,2
basil,30.28,60,6.6,6.5,54,1.04,72.1,2
basil,31.14,68,6.4,6.34,70,1.33,62.47,1
basil,8.04,56,6.4,6.39,65,0.62,55.69,1
basil,24.52,59,6.6,6.02,26,0.82,87.35,2
basil,25.48,77,8.1,6.12,38,1.38,70.38,2
basil,35.57,53,7.1,6.75,43,0.88,56.57,1
basil,26.0,56,7.0,6.34,42,0.38,81.09,2
basil,42.1,53,6.7,6.1,70,1.52,58.79,1
basil,23.8,61,6.1,6.16,42,1.75,79.96,2
basil,27.48,69,8.3,5.95,42,0.97,67.94,1
basil,25.33,53,6.7,6.06,58,1.07,81.06,2
basil,25.52,57,8.4,6.44,57,1.18,72.8,2
basil,43.94,54,6.4,6.03,67,1.14,58.79,1
basil,23.13,71,6.6,6.19,59,1.83,71.32,2
basil,25.29,53,6.9,5.99,23,0.96,86.3,2
basil,18.45,54,6.4,5.84,39,1.45,65.37,1
basil,9.37,58,7.2,6.44,37,1.17,66.73,1
basil,19.0,57,7.6,6.29,38,1.61,70.54,2
basil,49.99,51,7.7,6.0,44,0.84,57.1,1
basil,19.57,68,6.9,6.35,16,1.11,76.62,2
basil,26.14,53,7.3,6.53,66,1.22,73.81,2
basil,17.25,74,5.8,6.43,59,1.24,51.09,1
basil,24.04,63,6.5,5.78,43,0.85,78.01,2
basil,24.75,56,4.7,6.34,28,1.2,73.98,2
basil,26.57,60,6.8,5.95,39,1.02,85.52,2
basil,24.69,45,8.6,5.95,41,1.03,66.04,1
basil,21.45,50,5.3,6.7,45,1.11,57.03,1
basil,27.82,55,7.1,5.83,40,1.16,78.72,2
basil,19.85,56,5.4,6.43,38,1.07,64.08,1
basil,25.55,59,6.6,6.7,57,1.55,75.57,2
basil,48.99,51,6.4,5.91,56,1.14,56.38,1
basil,24.43,52,5.5,6.33,48,1.37,70.16,2
basil,19.27,54,7.3,6.39,31,1.0,72.45,2
basil,35.48,67,5.9,5.91,52,1.13,54.69,1
basil,30.73,53,6.9,6.08,56,1.15,72.85,2
basil,32.26,57,7.8,6.14,64,0.55,63.7,1
basil,28.08,51,7.5,6.24,50,0.86,72.56,2
basil,30.54,60,5.3,5.83,46,1.48,62.23,1
basil,27.36,56,7.7,5.91,50,1.66,72.65,2
basil,19.32,74,5.7,6.2,46,1.48,58.6,1
basil,18.84,59,8.6,6.17,73,1.42,61.8,1
basil,24.22,59,5.3,5.85,50,1.19,72.4,2
basil,25.64,61,7.2,5.52,75,1.42,73.65,2
basil,23.34,71,8.0,5.87,38,1.8,66.95,1
basil,22.71,54,6.6,6.17,30,1.76,79.41,2
basil,36.88,48,6.3,6.4,76,0.89,48.68,1
basil,28.23,62,7.1,6.41,54,1.55,76.63,2
basil,20.55,61,7.6,5.88,56,0.7,70.43,2
basil,25.06,53,5.0,5.84,55,1.12,66.22,1
basil,20.75,52,7.1,6.49,22,1.34,75.02,2
basil,25.3,58,7.8,6.4,48,1.23,80.2,2
basil,30.3,68,7.3,6.29,43,0.85,70.62,2
basil,24.07,58,6.9,6.53,63,1.7,77.12,2
basil,26.11,65,7.5,6.0,59,1.06,78.37,2
basil,25.38,65,7.5,6.03,30,0.69,82.57,2
basil,25.29,52,7.5,5.78,45,1.12,76.88,2
basil,30.77,65,7.9,6.06,40,0.93,69.13,1
basil,25.42,68,6.3,5.87,19,0.91,79.27,2
basil,22.63,55,7.1,6.36,24,1.27,83.13,2
basil,36.27,56,7.3,5.94,63,0.92,60.47,1
basil,25.91,60,7.7,6.04,41,1.59,82.34,2
basil,24.51,61,6.5,6.1,25,0.77,87.67,2
basil,40.96,77,6.0,5.82,59,1.72,42.24,0
basil,46.98,45,8.1,5.89,55,1.16,47.98,1
basil,9.46,62,5.7,5.94,55,0.14,51.12,1
basil,21.64,68,6.2,6.19,27,1.6,73.86,2
basil,23.16,58,5.6,6.26,52,0.57,71.22,2
basil,25.63,57,8.2,6.11,65,0.79,74.76,2
basil,8.6,61,8.2,6.21,50,0.58,58.28,1
basil,24.2,59,7.3,6.1,61,1.79,81.48,2
basil,46.39,56,6.2,6.26,54,0.93,59.71,1
basil,23.73,61,6.8,5.95,19,1.26,88.56,2
basil,28.87,61,6.0,6.25,48,0.84,73.26,2
basil,25.42,51,6.8,6.06,50,1.71,78.54,2
basil,37.62,69,7.2,5.76,60,0.96,55.4,1
basil,26.68,58,6.5,6.14,25,1.53,85.15,2
basil,27.61,65,8.5,6.07,62,1.7,65.78,1
basil,24.71,60,7.3,6.07,26,1.25,91.35,2
basil,35.65,60,7.1,5.88,66,0.9,63.47,1
basil,24.37,58,8.1,6.29,37,0.92,79.79,2
basil,24.46,55,5.8,6.42,18,1.09,78.89,2
basil,19.05,56,7.0,6.6,46,1.81,67.22,1
basil,30.18,53,6.6,5.89,47,1.09,69.81,1
basil,40.31,58,7.1,6.0,63,1.17,65.63,1
basil,22.32,51,5.8,6.23,71,0.67,63.91,1
basil,24.98,70,7.7,6.33,61,1.12,74.88,2
basil,24.91,59,7.6,6.01,42,0.89,84.43,2
basil,23.91,65,7.7,6.43,69,1.22,73.49,2
basil,25.89,55,7.0,5.94,32,1.82,82.37,2
basil,30.53,55,6.8,6.4,57,1.14,71.02,2
basil,18.88,66,6.6,6.03,64,0.59,65.27,1
basil,24.59,67,6.5,5.92,60,1.54,75.12,2
basil,21.31,52,6.8,6.12,53,0.99,75.56,2
basil,29.23,48,7.9,5.48,53,1.48,55.39,1
basil,40.52,44,6.9,5.87,73,0.83,49.83,1
basil,27.36,62,7.3,5.93,47,1.15,80.91,2
basil,24.83,66,6.4,6.0,38,1.37,81.21,2
basil,24.98,72,6.3,6.24,49,1.58,74.26,2
basil,25.27,57,7.4,6.78,36,1.25,78.39,2
basil,24.82,57,5.7,6.25,32,1.75,77.65,2
basil,31.42,50,6.7,6.06,62,1.74,63.02,1
basil,30.32,62,7.3,6.42,62,1.21,71.56,2
basil,35.31,61,6.0,6.18,49,1.85,59.63,1
basil,26.14,64,7.1,6.11,47,1.49,84.12,2
basil,6.18,78,7.6,6.2,41,1.58,52.39,1
basil,25.37,62,6.3,6.24,8,1.26,89.25,2
basil,31.23,58,6.3,6.59,31,1.87,65.02,1
basil,23.76,74,7.9,6.15,52,1.37,70.98,2
basil,32.22,53,7.2,6.47,28,0.77,67.34,1
basil,24.05,51,7.0,6.42,65,0.43,72.96,2
basil,37.02,49,7.5,6.04,43,1.0,58.81,1
basil,23.83,67,8.8,5.91,58,0.72,63.77,1
basil,24.39,47,6.7,6.11,58,1.04,76.59,2
basil,22.63,61,7.7,6.29,51,1.02,78.5,2
basil,35.59,55,6.5,6.19,50,0.89,62.66,1
basil,20.07,66,8.4,6.29,31,1.62,65.45,1
basil,25.57,59,7.3,6.01,50,0.61,82.84,2
basil,24.53,65,7.7,6.02,49,1.47,78.64,2
basil,24.84,58,6.6,6.04,40,0.93,86.04,2
basil,20.19,68,7.8,5.98,24,0.62,68.95,1
basil,23.67,59,5.8,6.61,37,0.7,72.17,2
basil,22.79,48,8.0,5.99,55,1.6,65.51,1
basil,25.54,62,7.7,6.23,59,1.53,79.63,2
basil,28.27,53,7.6,5.85,48,1.28,70.95,2
basil,25.12,64,7.6,5.94,50,1.21,80.98,2
basil,23.16,51,6.8,5.63,35,1.19,74.45,2
basil,25.23,57,6.7,6.43,65,1.26,80.09,2
basil,42.55,51,6.5,5.81,52,0.34,51.5,1
basil,14.13,61,7.4,6.41,32,1.4,65.86,1
basil,41.01,54,6.2,6.3,79,1.37,53.74,1
basil,24.78,59,6.8,6.25,33,1.05,90.11,2
basil,20.12,65,6.0,6.59,46,1.07,64.67,1
basil,25.71,66,8.1,6.01,52,1.6,73.03,2
basil,22.74,58,5.9,5.9,27,0.52,74.02,2
basil,47.73,48,7.4,6.4,69,0.73,51.07,1
basil,37.12,51,5.5,5.82,48,1.07,49.07,1
basil,39.12,58,7.8,6.53,35,1.27,60.56,1
basil,27.4,56,6.8,6.16,40,1.21,84.04,2
basil,26.67,59,6.7,6.51,39,1.34,81.0,2
basil,26.04,47,7.1,6.18,58,1.39,76.62,2
basil,23.03,59,6.9,6.27,39,1.1,86.42,2
basil,31.48,67,7.7,5.91,41,1.21,66.19,1
basil,23.12,71,7.7,6.4,67,0.93,67.29,1
basil,22.33,54,7.4,6.09,38,0.55,76.86,2
basil,26.49,66,6.1,6.41,73,1.14,70.48,2
basil,31.97,57,6.4,6.43,65,1.32,64.0,1
basil,25.6,64,6.7,6.37,53,2.03,76.84,2
basil,7.23,62,5.9,6.32,49,1.29,59.27,1
basil,20.46,66,6.4,6.11,65,1.21,70.95,2
basil,44.78,57,5.9,6.0,67,1.3,56.0,1
basil,19.86,64,7.9,6.41,35,1.51,68.47,1
basil,15.51,71,6.1,5.76,62,1.24,49.95,1
basil,21.83,67,5.7,6.31,47,1.32,67.97,1
basil,25.64,59,6.4,6.15,62,0.83,82.05,2
basil,28.65,51,7.1,5.93,62,1.11,72.04,2
basil,5.0,82,7.7,6.1,57,1.91,45.74,1
basil,27.55,56,5.9,6.44,61,1.27,69.1,1
basil,23.12,62,6.0,6.42,35,1.22,77.29,2
basil,30.48,49,8.0,5.91,48,0.55,58.68,1
basil,24.18,56,6.4,6.76,43,1.29,74.04,2
basil,28.13,52,7.9,6.21,59,2.07,65.58,1
basil,23.1,62,6.7,5.95,38,0.92,82.17,2
basil,18.76,54,7.2,5.91,83,1.51,62.94,1
basil,21.04,63,7.1,6.4,49,1.73,74.28,2
basil,22.46,69,6.4,6.19,31,0.75,75.93,2
basil,21.36,60,6.5,5.99,63,1.59,74.23,2
basil,25.28,64,6.4,5.68,49,0.54,73.58,2
basil,36.25,58,8.2,6.43,56,1.52,54.4,1
basil,42.34,57,6.2,5.7,58,0.25,50.61,1
basil,30.52,62,9.1,5.97,76,0.86,56.29,1
basil,21.38,56,5.9,5.66,43,1.35,66.18,1
basil,27.47,65,6.7,5.53,35,1.39,72.73,2
basil,30.49,58,6.4,5.85,65,0.82,66.46,1
basil,27.29,67,6.6,5.92,32,1.13,78.59,2
basil,25.87,63,8.4,6.15,41,1.31,78.26,2
basil,30.5,54,6.7,5.76,38,1.02,69.64,1
basil,21.19,56,6.1,6.22,45,1.4,73.16,2
basil,26.18,64,6.7,6.53,50,1.06,78.32,2
basil,24.66,60,6.2,5.99,38,1.68,81.89,2
basil,23.49,56,7.0,6.51,32,1.17,83.4,2
basil,25.05,53,7.1,6.25,43,0.69,83.04,2
basil,31.35,52,6.4,6.18,66,1.09,65.83,1
basil,24.44,56,7.8,6.29,44,1.16,80.9,2
basil,45.23,54,8.6,6.26,40,0.79,53.54,1
basil,25.11,62,7.3,6.16,30,0.97,90.2,2
basil,5.7,63,7.0,6.55,56,1.08,62.57,1
basil,21.33,56,8.1,6.68,31,1.08,68.08,1
basil,24.96,69,6.1,6.35,42,0.62,73.76,2
basil,25.9,54,7.5,6.13,52,0.96,80.52,2
basil,22.15,52,6.9,5.9,45,1.33,75.72,2
basil,31.61,54,6.4,6.35,52,1.35,65.53,1
basil,25.19,64,7.0,6.03,49,1.61,84.53,2
basil,22.35,59,7.5,6.41,45,1.3,78.39,2
basil,27.35,62,6.2,6.17,50,1.41,78.27,2
basil,23.19,60,6.9,5.94,54,0.85,82.33,2
basil,24.18,57,5.7,5.98,48,1.24,75.83,2
basil,32.62,61,8.8,6.32,67,0.89,56.06,1
basil,33.11,53,6.5,6.47,71,0.73,56.46,1
basil,24.41,63,6.3,6.75,62,1.27,71.84,2
basil,25.63,48,5.7,5.94,42,1.32,69.3,1
basil,30.74,47,8.5,6.27,8,1.0,63.56,1
basil,13.33,62,6.5,6.48,72,0.91,57.18,1
basil,18.1,70,6.5,6.08,52,1.9,61.46,1
basil,22.23,63,6.2,5.55,57,1.6,65.56,1
basil,28.72,63,6.2,6.14,59,0.89,73.55,2
basil,15.35,64,6.6,6.0,31,1.27,66.92,1
basil,23.78,69,6.2,5.84,63,1.07,69.88,1
basil,30.9,64,6.7,5.88,62,0.9,67.79,1
basil,20.39,70,7.5,6.07,18,1.07,75.06,2
basil,24.09,54,7.8,5.66,41,0.96,72.72,2
basil,23.51,64,8.1,6.2,27,0.41,76.49,2
basil,23.83,58,6.3,6.12,55,1.15,81.99,2
basil,39.64,61,7.2,6.04,64,1.25,65.62,1
basil,20.49,62,6.0,5.69,54,1.1,66.3,1
basil,25.21,59,6.8,6.06,58,1.12,86.85,2
basil,28.3,58,8.3,6.26,58,1.03,70.83,2
basil,23.04,63,6.3,6.66,49,1.3,72.31,2
basil,31.04,60,5.9,6.39,24,0.89,70.76,2
basil,30.46,53,6.8,6.22,50,1.18,73.38,2
basil,25.93,61,7.2,6.36,59,1.01,82.76,2
basil,26.33,54,6.9,6.37,30,1.13,83.97,2
basil,30.82,66,6.0,6.14,50,1.44,66.81,1
basil,26.31,57,6.9,6.01,52,0.98,83.23,2
basil,31.92,54,7.7,5.95,36,1.23,67.32,1
basil,25.41,72,5.5,6.18,33,1.62,70.63,2
basil,19.19,59,8.9,6.4,22,2.13,60.38,1
basil,32.95,50,7.2,6.08,39,1.3,67.14,1
basil,26.42,68,6.9,6.37,51,1.59,76.59,2
basil,25.52,58,7.2,6.43,22,1.44,86.56,2
basil,27.96,58,4.7,6.18,47,1.3,69.01,1
basil,23.67,66,7.0,5.91,38,1.1,83.01,2
basil,23.46,56,5.8,5.95,26,0.79,75.73,2
basil,37.61,56,6.6,6.46,58,1.4,58.84,1
basil,24.11,55,6.9,6.21,39,1.15,86.8,2
basil,38.38,59,6.6,6.0,35,1.68,65.44,1
basil,22.38,57,7.4,5.96,31,1.74,78.35,2
basil,25.72,68,6.1,6.22,49,1.18,77.02,2
basil,24.29,47,7.4,5.82,47,0.78,71.35,2
basil,24.23,53,6.5,6.79,24,1.01,75.1,2
basil,29.82,44,6.8,5.93,49,1.47,64.05,1
basil,15.35,71,8.1,6.35,61,1.29,50.91,1
basil,24.9,53,6.7,6.38,41,1.31,81.51,2
basil,12.94,70,6.1,6.05,36,1.58,56.14,1
basil,12.06,62,7.6,6.63,69,1.35,54.82,1
basil,27.78,54,6.9,6.19,54,1.67,77.21,2
basil,23.14,56,7.2,6.33,61,1.4,78.16,2
basil,40.55,47,7.3,6.37,55,1.75,52.62,1
basil,21.47,53,8.5,6.01,38,1.23,67.97,1
basil,28.82,61,6.2,6.35,55,1.43,72.42,2
basil,33.24,57,7.6,6.03,23,0.68,68.62,1
basil,25.3,63,6.0,6.27,50,1.01,79.29,2
basil,27.57,56,7.7,5.94,51,0.56,72.06,2
basil,20.14,63,7.4,6.3,21,1.3,78.61,2
basil,20.98,43,6.8,6.39,63,1.49,62.33,1
basil,23.51,59,6.4,6.25,28,1.06,85.39,2
basil,16.87,60,6.9,6.32,60,1.23,70.67,2
basil,20.22,57,7.5,6.03,51,0.9,73.28,2
basil,27.25,49,6.1,6.33,39,1.24,71.2,2
basil,12.82,66,7.9,6.1,59,0.75,56.55,1
basil,29.59,68,6.5,6.05,37,0.36,69.19,1
basil,24.69,49,8.0,6.11,60,0.9,72.31,2
basil,27.06,61,6.3,5.62,34,1.01,75.67,2
basil,25.04,66,8.1,6.55,19,1.62,75.33,2
basil,21.98,60,7.4,5.93,26,0.92,82.22,2
basil,23.87,55,7.2,5.95,44,2.04,77.41,2
basil,24.26,55,6.8,6.22,35,0.57,83.4,2
basil,26.64,62,7.5,6.27,34,1.48,82.45,2
basil,24.9,57,5.3,6.04,54,1.02,74.04,2
basil,26.06,58,5.7,6.16,31,1.36,80.47,2
basil,22.31,55,6.8,5.97,84,1.22,73.27,2
basil,21.88,48,5.4,6.08,39,1.18,65.51,1
basil,13.29,72,5.9,6.31,68,1.43,48.18,1
basil,23.35,58,7.4,6.22,20,1.44,86.34,2
basil,25.22,70,6.0,6.03,36,1.04,76.53,2
basil,12.41,54,7.2,5.67,49,1.42,57.49,1
basil,18.86,65,6.5,6.09,44,0.82,70.59,2
basil,5.89,60,8.0,6.08,54,1.55,60.76,1
basil,38.27,46,8.5,6.45,56,1.3,44.14,0
basil,24.12,56,5.9,5.85,56,1.38,72.41,2
basil,22.64,57,6.3,6.29,47,1.43,76.75,2
basil,25.09,54,6.5,6.64,40,1.23,77.41,2
basil,27.42,65,6.4,6.07,35,1.35,79.12,2
basil,30.31,61,8.7,6.32,38,1.22,67.01,1
basil,20.47,63,6.2,5.7,15,0.91,72.05,2
basil,41.22,52,6.4,6.03,55,1.44,57.49,1
basil,29.59,65,7.8,6.14,34,1.1,75.39,2
basil,28.09,58,6.8,6.29,42,1.0,81.32,2
basil,19.51,60,7.4,6.07,31,1.59,77.43,2
basil,29.8,55,6.7,6.34,54,0.94,71.93,2
basil,20.4,66,7.1,6.23,60,1.06,74.56,2
basil,31.86,59,7.9,5.82,70,1.55,60.58,1
basil,30.05,70,6.1,5.69,64,1.88,54.43,1
basil,21.2,65,6.3,6.04,51,0.85,72.1,2
basil,23.27,61,8.1,6.33,37,1.28,78.31,2
basil,27.25,58,7.2,5.81,51,0.87,77.78,2
basil,35.26,59,7.0,6.37,42,1.44,67.7,1
basil,12.0,60,6.6,6.25,32,0.94,69.3,1
basil,26.67,68,8.6,5.9,36,0.69,66.57,1
basil,22.03,65,9.2,5.97,59,1.7,60.23,1
basil,21.79,56,7.7,6.17,45,0.53,74.45,2
basil,24.62,55,6.6,6.32,24,0.32,81.3,2
basil,25.27,60,5.3,5.94,20,1.4,78.93,2
basil,25.05,59,7.1,6.12,17,1.19,95.09,2
basil,19.05,48,6.6,6.47,30,1.43,64.91,1
basil,26.03,72,6.5,6.23,57,1.69,72.01,2
basil,23.04,60,6.8,6.2,44,0.62,83.92,2
basil,36.56,50,6.3,5.98,65,2.06,49.28,1
basil,33.36,58,7.2,6.25,47,1.38,70.16,2
basil,13.82,58,5.8,6.17,37,1.08,63.09,1
basil,28.08,63,7.0,6.5,35,1.6,78.17,2
basil,23.52,60,6.2,6.47,37,1.09,80.07,2
basil,24.76,55,7.1,6.56,49,1.61,78.47,2
basil,26.08,70,7.7,6.6,48,1.82,66.84,1
basil,29.47,51,6.5,6.16,45,1.46,71.66,2
basil,23.42,62,7.4,6.26,54,1.09,81.99,2
basil,28.55,54,5.8,5.98,37,1.41,69.56,1
basil,19.68,58,6.6,5.87,44,1.6,71.14,2
basil,20.88,56,7.4,5.85,40,1.0,74.11,2
basil,28.22,54,7.5,6.02,45,1.06,75.86,2
basil,48.68,60,7.2,6.07,57,1.42,66.91,1
basil,23.19,66,8.2,6.35,38,1.45,72.19,2
basil,13.15,67,7.7,6.84,52,0.98,49.88,1
basil,24.01,58,8.1,5.93,55,1.5,74.37,2
basil,25.3,62,5.5,6.74,32,1.14,72.59,2
basil,23.89,58,5.9,6.08,54,0.36,74.0,2
basil,27.64,62,7.8,5.99,45,1.69,74.66,2
basil,35.21,59,6.1,5.58,48,1.56,53.93,1
basil,36.07,52,7.5,6.34,40,1.15,61.17,1
basil,28.2,67,7.3,6.1,61,1.41,74.42,2
basil,11.77,58,7.6,6.81,37,1.45,56.39,1
basil,35.9,60,8.1,5.85,36,0.96,60.48,1
basil,23.82,66,6.5,5.89,50,0.72,75.17,2
basil,20.59,61,6.1,6.57,46,1.24,69.61,1
basil,39.21,53,6.2,6.24,28,0.99,62.12,1
basil,27.3,64,7.5,6.39,62,0.83,73.54,2
basil,19.52,62,8.2,6.11,60,1.01,67.87,1
basil,23.53,50,6.9,6.23,45,0.52,76.95,2
basil,23.48,60,6.8,5.82,46,0.43,79.07,2
basil,26.37,52,7.1,6.16,52,1.17,82.24,2
basil,31.54,41,6.5,5.98,58,1.51,55.26,1
basil,25.01,64,7.0,6.27,24,1.1,91.15,2
basil,23.54,68,7.0,6.19,38,1.46,82.79,2
basil,38.77,59,5.6,6.28,35,1.58,58.84,1
basil,27.05,66,7.8,6.23,62,0.91,73.22,2
basil,24.69,59,7.4,6.28,14,0.88,89.89,2
basil,26.5,70,6.2,6.3,49,0.29,68.6,1
basil,37.74,66,6.7,6.0,38,1.2,64.8,1
basil,30.58,62,6.1,5.85,34,1.03,70.04,2
basil,16.11,64,7.5,6.51,40,1.36,62.54,1
basil,37.92,53,5.9,6.19,65,0.95,54.71,1
basil,24.2,48,6.1,6.42,34,1.07,72.79,2
basil,22.08,66,6.9,6.24,39,1.72,78.17,2
basil,24.51,58,6.6,5.92,21,0.86,86.04,2
basil,5.17,65,6.4,5.99,55,1.18,60.65,1
basil,23.59,68,6.2,6.16,57,0.55,72.73,2
basil,26.49,44,8.0,5.9,44,1.13,66.79,1
basil,25.0,63,7.0,5.9,54,1.41,84.07,2
basil,24.19,60,8.7,6.19,37,1.21,78.97,2
basil,23.41,56,6.9,5.99,49,1.52,80.89,2
basil,23.83,60,6.5,6.48,41,0.57,79.11,2
basil,24.35,74,5.3,6.12,53,0.36,62.19,1
basil,24.36,64,8.3,6.12,44,0.97,77.68,2
basil,17.58,67,7.3,6.46,82,1.2,59.98,1
basil,26.04,58,7.5,6.25,32,0.71,83.62,2
basil,22.73,58,6.6,6.55,36,1.28,78.5,2
basil,18.5,59,7.6,5.53,31,1.36,66.21,1
basil,25.54,57,5.9,6.43,36,0.95,77.4,2
basil,27.94,54,7.4,6.3,46,0.95,76.06,2
basil,49.63,46,6.3,5.66,50,1.07,48.55,1
basil,19.0,66,5.8,6.25,63,0.59,59.98,1
basil,23.91,58,6.3,6.09,50,0.43,78.22,2
basil,18.23,56,5.9,6.35,56,0.72,60.99,1
basil,24.67,57,5.6,5.96,44,0.88,75.31,2
basil,25.49,62,6.8,6.15,12,1.24,93.64,2
basil,23.5,55,7.1,6.33,38,1.98,79.0,2
basil,48.78,46,7.6,6.35,84,1.83,45.0,1
basil,21.08,57,6.5,6.34,23,0.56,76.23,2
basil,27.28,53,6.4,6.29,55,1.13,74.96,2
basil,23.92,61,7.7,6.63,65,0.79,72.34,2
basil,25.07,61,7.2,6.26,43,0.99,88.36,2
basil,23.48,56,6.3,5.97,52,1.29,77.12,2
basil,23.91,47,6.3,6.05,52,1.38,71.93,2
basil,24.63,59,8.0,5.92,25,1.5,81.57,2
basil,40.56,56,7.5,6.42,46,1.23,61.55,1
basil,24.45,51,6.9,6.29,57,0.33,75.65,2
basil,26.71,59,8.3,5.41,57,1.32,64.93,1
basil,31.43,51,6.9,6.22,59,0.69,66.78,1
basil,30.34,66,8.0,6.16,57,0.48,64.46,1
basil,21.03,62,6.7,6.33,32,1.42,79.03,2
basil,24.98,69,7.6,6.06,26,1.38,81.97,2
basil,30.03,55,7.8,6.68,50,1.6,61.7,1
basil,27.52,46,7.5,6.26,40,1.17,72.75,2
basil,23.77,59,5.4,6.59,56,0.97,68.35,1
basil,8.52,74,8.1,6.48,63,0.69,43.77,0
basil,5.32,62,6.1,6.23,41,0.99,63.27,1
basil,21.08,66,7.3,6.12,40,1.18,78.62,2
basil,12.26,60,8.0,6.37,19,1.21,65.84,1
basil,23.32,60,7.5,6.09,71,1.52,78.87,2
basil,22.46,61,7.0,5.99,37,1.32,85.02,2
basil,25.42,66,7.1,5.94,69,1.12,79.89,2
basil,27.0,51,7.9,6.33,33,0.44,70.48,2
basil,26.49,53,7.8,6.31,35,1.52,75.75,2
basil,32.09,51,6.0,5.84,52,1.06,58.27,1
basil,20.76,63,9.1,6.12,40,0.75,65.3,1
basil,46.49,46,8.0,6.16,53,1.29,52.87,1
basil,23.52,49,6.8,6.52,47,0.59,71.07,2
basil,14.87,67,8.4,6.53,41,0.96,50.98,1
basil,22.57,61,6.6,6.22,11,1.68,85.5,2
basil,24.85,59,7.7,6.43,40,1.64,80.36,2
basil,27.47,58,7.9,5.93,52,1.44,73.72,2
basil,9.58,65,8.3,6.13,65,0.94,54.96,1
basil,26.62,61,4.7,6.16,46,1.56,71.37,2
basil,5.77,67,5.5,6.33,81,1.23,47.8,1
basil,26.78,69,7.1,5.83,55,1.27,74.85,2
basil,25.46,68,7.3,6.21,33,1.16,84.77,2
basil,18.17,59,7.9,6.18,59,1.03,68.6,1
basil,10.89,74,7.1,6.01,42,1.14,60.08,1
basil,26.7,58,6.4,5.96,56,0.71,76.47,2
basil,40.11,41,7.1,5.8,65,0.75,47.26,1
basil,22.78,59,6.9,6.44,31,0.97,83.77,2
basil,27.07,55,7.4,5.88,36,0.84,77.59,2
basil,11.07,67,8.1,6.06,45,1.37,56.9,1
basil,25.1,48,6.9,6.19,41,1.43,81.48,2
basil,22.0,68,7.2,6.12,26,0.85,80.27,2
basil,19.33,67,6.3,6.31,40,0.98,68.54,1
basil,20.3,67,7.1,5.87,17,1.47,75.79,2
basil,44.55,55,6.3,5.95,55,1.2,59.17,1
basil,29.98,53,6.0,5.96,42,0.76,65.61,1
basil,28.05,61,7.5,6.17,72,0.78,75.84,2
basil,23.75,52,6.2,6.11,38,0.83,77.16,2
basil,20.55,55,7.1,6.47,45,1.33,73.7,2
basil,23.38,66,7.3,6.87,55,0.41,66.12,1
basil,24.16,60,7.6,6.1,41,1.03,86.04,2
basil,25.26,60,7.0,6.68,70,1.01,79.73,2
basil,16.01,57,8.3,5.55,58,1.18,51.69,1
basil,27.27,57,6.0,6.18,33,0.99,79.23,2
basil,38.69,55,8.4,6.39,46,1.08,54.57,1
basil,27.4,60,7.3,6.34,40,1.21,83.52,2
basil,31.76,63,5.2,6.5,65,1.43,53.7,1
basil,24.75,55,4.8,5.94,52,1.73,66.11,1
basil,25.55,51,6.8,6.66,39,1.27,76.1,2
basil,28.41,55,7.1,6.19,48,0.98,79.68,2
basil,22.06,58,6.1,6.0,21,0.78,78.16,2
basil,33.75,56,6.0,6.35,56,1.13,60.19,1
basil,31.17,55,5.4,6.25,44,0.59,60.31,1
basil,24.43,63,7.0,6.38,43,0.93,85.16,2
basil,29.27,55,6.6,6.15,51,0.85,75.1,2
basil,24.1,51,7.2,6.22,66,1.04,78.07,2
basil,21.7,60,5.9,6.21,57,1.26,74.81,2
basil,24.97,53,6.7,6.23,63,1.14,81.46,2
basil,20.53,59,7.1,6.25,75,1.24,75.95,2
basil,24.08,50,7.9,5.87,71,0.77,66.44,1
basil,27.15,54,7.0,6.77,36,1.35,74.95,2
basil,25.07,61,7.8,6.12,44,1.13,85.76,2
basil,28.87,64,5.8,6.61,51,0.93,64.04,1
basil,23.91,56,5.8,6.09,61,1.91,71.04,2
basil,26.76,61,7.4,6.04,27,0.99,85.94,2
basil,13.72,62,5.3,6.27,53,0.97,54.69,1
basil,26.46,61,5.7,6.67,49,1.4,69.57,1
basil,24.76,55,8.5,5.76,29,1.16,74.0,2
basil,24.62,62,6.3,6.57,47,0.88,77.21,2
basil,33.7,55,7.6,6.13,49,1.1,66.21,1
basil,14.05,61,7.2,6.56,47,1.37,62.92,1
basil,49.34,61,7.1,6.51,38,1.41,65.59,1
basil,24.87,52,6.1,6.55,42,1.16,74.32,2
basil,24.59,62,7.9,6.25,52,1.42,79.8,2
basil,27.18,59,8.7,6.57,30,1.56,68.65,1
basil,25.3,64,6.3,6.23,38,1.06,83.54,2
basil,25.95,61,6.4,5.71,24,1.24,81.86,2
basil,42.12,56,7.1,6.36,44,1.17,66.13,1
basil,20.24,57,8.2,6.49,50,0.78,64.13,1
basil,38.88,58,7.3,5.84,51,1.08,63.22,1
basil,26.53,56,7.1,6.35,36,1.03,83.87,2
basil,13.16,69,8.3,6.43,43,0.82,50.64,1
basil,24.42,66,6.3,6.01,45,1.17,79.9,2
basil,25.05,54,7.8,6.27,31,1.01,81.96,2
basil,31.14,63,6.0,5.66,39,2.07,59.02,1
basil,23.81,70,6.6,6.38,31,1.99,73.87,2
basil,28.13,54,7.0,6.34,60,1.06,76.56,2
basil,23.2,66,6.7,6.18,40,0.74,80.62,2
basil,19.43,57,6.8,6.07,51,1.4,74.56,2
basil,17.56,51,6.6,6.23,43,1.94,62.88,1
basil,28.7,57,7.3,6.01,67,1.57,73.17,2
basil,26.44,50,5.7,6.68,47,0.5,60.66,1
basil,19.23,60,7.6,6.41,48,0.92,71.22,2
basil,24.7,67,6.7,5.92,72,1.11,77.05,2
basil,43.55,53,5.9,6.26,57,0.83,54.16,1
basil,23.87,56,8.6,6.1,60,0.78,70.56,2
basil,17.41,61,6.8,5.98,37,1.42,72.67,2
basil,28.53,58,6.4,6.35,35,1.39,77.07,2
basil,26.63,47,7.2,6.23,49,1.1,76.43,2
basil,26.36,64,7.1,6.01,59,0.85,80.53,2
basil,26.54,55,6.2,5.89,35,0.7,75.14,2
basil,19.12,63,7.0,6.18,71,0.88,73.02,2
basil,6.22,62,7.5,6.19,70,1.2,63.07,1
basil,49.93,46,7.7,6.39,63,0.98,49.87,1
basil,49.55,51,7.5,5.45,38,0.63,49.83,1
basil,27.34,51,7.3,6.07,25,1.26,80.6,2
basil,23.3,55,6.7,6.09,37,1.61,81.28,2
basil,25.56,58,6.5,5.73,39,1.29,80.34,2
basil,22.79,59,6.0,6.38,55,1.48,73.39,2
basil,26.86,67,7.2,6.37,33,0.77,78.83,2
basil,23.79,65,7.2,6.23,52,1.07,82.63,2
basil,32.54,54,6.6,6.37,55,1.76,61.99,1
basil,25.79,62,6.8,6.42,43,0.8,82.59,2
basil,22.68,64,7.1,6.08,39,1.44,82.83,2
basil,24.63,64,7.2,5.96,32,0.93,85.62,2
basil,19.47,59,7.4,6.26,62,0.78,71.78,2
basil,30.11,62,8.3,5.9,22,1.94,66.65,1
basil,26.81,48,6.9,5.91,30,1.3,77.44,2
basil,26.12,62,7.7,6.04,49,0.84,79.96,2
basil,27.58,66,7.9,6.39,66,0.94,68.51,1
basil,40.95,56,6.7,6.1,36,1.16,68.38,1
basil,25.14,67,5.8,6.06,43,1.24,76.94,2
basil,20.71,70,7.3,5.93,52,1.69,67.11,1
basil,33.87,51,6.2,6.08,52,0.92,59.08,1
basil,35.78,55,5.8,6.39,55,1.03,54.39,1
basil,25.02,61,7.0,6.29,61,0.87,86.02,2
basil,25.82,58,6.0,6.41,65,0.5,71.54,2
basil,24.64,52,7.4,5.75,26,0.71,77.54,2
basil,26.16,56,6.3,6.25,63,1.28,77.43,2
basil,18.03,58,7.7,6.09,51,0.7,67.89,1
basil,25.2,62,5.6,6.44,49,1.11,75.36,2
basil,21.05,50,7.8,5.99,24,1.17,72.33,2
basil,24.69,73,5.6,6.07,36,1.45,70.6,2
basil,24.37,59,6.1,6.36,41,0.98,80.7,2
basil,26.8,54,6.0,5.88,77,1.02,67.64,1
basil,17.37,59,8.3,5.89,53,1.07,61.62,1
basil,21.72,62,6.7,6.02,38,1.05,81.26,2
basil,24.71,55,7.4,6.19,31,1.36,86.05,2
basil,29.43,46,5.0,6.46,51,1.56,50.61,1
basil,16.53,64,7.6,6.31,48,0.88,64.13,1
basil,22.48,61,7.0,6.14,44,1.34,86.17,2
basil,26.15,56,7.6,5.93,42,0.74,77.94,2
basil,27.58,66,6.9,6.35,57,1.36,76.51,2
basil,34.37,67,7.1,6.44,66,1.76,57.06,1
basil,24.99,49,7.4,6.27,20,0.22,78.34,2
basil,25.16,67,7.3,5.93,30,1.39,82.77,2
basil,24.72,63,7.1,6.12,60,0.86,85.04,2
basil,46.39,59,5.8,5.56,62,1.19,51.4,1
parsley,47.89,57,5.4,6.05,73,1.34,56.87,1
parsley,32.65,60,4.0,6.09,48,1.25,58.28,1
parsley,25.71,58,4.3,5.98,35,1.06,72.45,2
parsley,21.97,63,3.9,6.31,57,1.02,73.41,2
parsley,20.34,65,4.3,6.22,24,1.29,78.29,2
parsley,23.04,64,3.9,6.3,25,0.67,74.37,2
parsley,24.08,66,6.6,5.62,40,1.06,62.93,1
parsley,19.84,60,4.7,6.02,34,0.52,82.27,2
parsley,36.36,55,5.3,6.01,70,0.81,60.63,1
parsley,24.99,60,5.2,5.71,43,0.67,72.15,2
parsley,10.98,59,5.0,5.77,22,0.8,68.8,1
parsley,22.03,63,4.5,6.28,54,0.63,77.59,2
parsley,20.28,66,5.0,5.93,31,0.6,85.35,2
parsley,24.17,69,6.1,6.11,68,0.47,63.1,1
parsley,11.73,78,6.0,5.93,62,0.39,47.22,1
parsley,30.33,70,6.0,5.68,50,0.82,52.6,1
parsley,30.23,62,6.6,4.91,37,0.92,41.37,0
parsley,18.99,56,5.6,6.11,45,0.8,73.9,2
parsley,22.23,52,4.7,5.55,41,1.28,70.36,2
parsley,21.84,55,4.8,5.67,55,0.46,73.6,2
parsley,36.51,59,6.3,6.42,38,0.87,53.17,1
parsley,20.93,51,6.3,5.81,38,0.65,69.5,1
parsley,18.48,63,5.6,5.71,46,0.4,68.94,1
parsley,14.71,70,6.1,6.3,21,0.95,57.93,1
parsley,21.44,59,4.7,5.85,76,0.82,79.15,2
parsley,18.68,66,5.8,5.78,71,0.81,66.86,1
parsley,22.11,69,6.3,5.75,71,0.69,66.02,1
parsley,16.95,55,4.7,6.32,48,0.75,64.6,1
parsley,19.75,54,6.0,6.38,67,0.41,59.55,1
parsley,22.47,63,5.5,6.4,53,0.76,75.18,2
parsley,22.4,63,6.2,6.18,55,0.68,73.53,2
parsley,22.95,66,4.8,6.35,27,1.05,79.51,2
parsley,23.68,62,5.5,5.8,74,1.18,71.05,2
parsley,22.04,57,5.4,6.04,38,0.87,84.77,2
parsley,28.53,71,2.8,5.77,42,1.27,45.22,1
parsley,37.18,55,4.4,5.94,53,1.32,57.47,1
parsley,32.38,51,4.9,6.16,59,1.44,54.82,1
parsley,20.47,65,5.6,6.07,71,1.54,72.49,2
parsley,31.39,65,4.0,6.37,37,0.24,51.93,1
parsley,19.61,69,4.9,5.7,49,1.17,73.53,2
parsley,49.03,57,5.2,6.15,53,0.71,61.78,1
parsley,19.17,66,5.8,5.86,55,1.56,67.78,1
parsley,46.54,51,4.4,5.95,60,0.85,57.18,1
parsley,21.1,62,6.0,5.96,62,1.15,77.84,2
parsley,39.8,58,5.4,5.91,61,1.22,59.67,1
parsley,23.16,67,5.2,6.14,74,1.46,71.26,2
parsley,18.68,65,6.0,6.27,28,1.0,72.04,2
parsley,19.03,64,3.6,6.23,39,1.25,67.53,1
parsley,17.73,60,5.0,6.11,28,1.11,79.11,2
parsley,20.61,68,5.1,5.6,40,1.22,76.07,2
parsley,39.12,67,4.0,5.73,48,0.52,53.23,1
parsley,34.56,61,4.9,6.18,50,1.19,64.0,1
parsley,16.94,76,4.8,5.83,26,0.71,68.05,1
parsley,18.71,65,5.2,6.01,42,0.96,81.33,2
parsley,20.56,65,4.3,6.62,32,1.08,71.33,2
parsley,13.62,57,4.4,6.31,42,0.65,56.92,1
parsley,22.61,61,4.2,5.69,60,0.97,73.15,2
parsley,28.91,55,5.6,5.74,51,0.42,53.3,1
parsley,34.87,58,5.5,6.17,73,0.77,56.9,1
parsley,24.18,68,5.6,5.9,33,0.99,76.29,2
parsley,28.06,56,5.1,6.14,45,1.49,61.39,1
parsley,20.67,73,3.6,6.27,22,0.64,69.6,1
parsley,22.99,67,6.2,5.21,34,1.09,60.99,1
parsley,21.59,56,5.6,5.98,64,0.62,77.94,2
parsley,7.95,62,5.5,5.84,63,0.93,62.0,1
parsley,24.46,64,5.3,6.08,34,1.04,79.96,2
parsley,19.51,65,3.8,5.7,45,1.55,64.9,1
parsley,22.65,58,5.8,5.72,54,1.17,71.16,2
parsley,20.43,61,3.6,6.18,43,0.69,73.03,2
parsley,18.74,73,6.0,6.09,39,0.65,67.93,1
parsley,17.89,64,5.8,6.15,32,1.03,73.37,2
parsley,19.0,59,4.3,5.36,25,0.84,68.04,1
parsley,28.18,57,5.9,6.03,37,0.99,63.35,1
parsley,7.3,73,6.1,5.92,20,1.17,58.27,1
parsley,40.08,63,7.1,5.67,63,0.78,46.6,1
parsley,24.4,54,5.0,6.16,23,0.59,77.0,2
parsley,21.89,61,5.6,5.83,58,0.92,80.25,2
parsley,23.67,63,5.5,5.54,9,0.52,75.88,2
parsley,46.41,51,5.6,5.93,48,0.76,58.03,1
parsley,16.43,56,5.5,5.85,38,0.71,66.95,1
parsley,27.65,51,6.3,5.61,79,0.2,38.98,0
parsley,17.79,68,5.4,6.07,57,0.92,72.03,2
parsley,14.92,58,5.1,5.65,53,0.76,60.75,1
parsley,26.41,56,5.0,6.47,84,1.02,57.67,1
parsley,22.39,53,4.3,6.2,63,1.3,68.67,1
parsley,27.76,75,5.5,6.4,72,0.68,49.03,1
parsley,22.13,60,5.3,5.96,42,0.41,82.57,2
parsley,19.87,62,4.5,6.23,31,0.47,77.94,2
parsley,22.3,64,4.9,6.06,40,0.87,87.95,2
parsley,21.22,58,4.9,5.53,39,0.86,79.52,2
parsley,19.51,60,5.6,5.84,39,0.84,78.11,2
parsley,24.47,62,4.7,5.75,48,0.48,72.46,2
parsley,16.49,67,4.7,5.76,30,0.54,67.94,1
parsley,24.56,58,4.8,6.07,53,0.87,76.57,2
parsley,21.18,62,4.6,5.85,81,0.73,77.87,2
parsley,22.87,70,5.4,6.51,29,0.96,73.05,2
parsley,15.34,74,6.1,6.19,42,0.68,54.62,1
parsley,27.72,53,4.6,5.99,55,0.55,61.25,1
parsley,17.26,67,4.9,5.94,44,0.97,75.32,2
parsley,31.42,71,5.2,6.1,30,0.89,66.32,1
parsley,20.45,58,4.7,6.34,51,1.05,75.5,2
parsley,26.94,68,4.2,5.79,19,0.42,63.79,1
parsley,19.31,67,5.4,6.03,48,0.33,74.69,2
parsley,22.71,66,5.4,5.7,57,1.26,72.94,2
parsley,37.68,54,4.5,6.1,64,1.07,57.07,1
parsley,43.23,50,5.7,6.41,47,0.67,49.3,1
parsley,38.59,54,3.4,5.82,26,0.55,52.05,1
parsley,20.62,46,5.1,6.14,50,1.48,70.87,2
parsley,22.64,62,5.3,6.07,43,0.73,84.21,2
parsley,30.7,66,3.7,6.16,73,1.04,51.62,1
parsley,15.77,72,3.9,6.12,26,0.8,62.11,1
parsley,22.3,65,3.9,6.27,31,0.59,74.81,2
parsley,16.37,67,3.7,5.95,26,0.88,67.39,1
parsley,19.75,65,5.1,5.76,42,1.14,78.95,2
parsley,27.27,55,5.1,5.94,37,1.32,67.4,1
parsley,5.88,67,4.2,6.39,43,0.85,55.92,1
parsley,23.19,65,4.7,6.34,64,0.39,69.7,1
parsley,35.58,56,5.1,5.95,58,1.36,60.85,1
parsley,21.59,64,4.1,5.94,36,0.43,80.98,2
parsley,21.16,59,6.2,6.25,42,0.84,75.43,2
parsley,22.68,53,4.0,5.69,59,1.08,65.9,1
parsley,21.17,68,6.2,5.78,75,0.86,69.52,1
parsley,10.22,66,4.2,5.88,43,0.85,61.92,1
parsley,38.47,54,5.5,6.21,49,0.21,53.03,1
parsley,23.12,58,4.5,6.15,27,0.64,79.25,2
parsley,20.67,68,4.3,6.06,44,0.33,75.8,2
parsley,22.91,61,5.0,5.81,64,1.55,75.19,2
parsley,27.6,62,4.1,6.14,27,0.95,67.8,1
parsley,25.44,64,4.2,5.93,81,1.45,62.36,1
parsley,18.36,50,3.2,6.29,43,1.43,52.65,1
parsley,18.34,57,6.7,5.82,25,0.8,66.32,1
parsley,19.54,64,7.1,6.39,39,1.01,63.28,1
parsley,19.5,63,6.2,5.82,34,1.15,73.64,2
parsley,22.8,61,5.0,6.08,76,1.0,80.29,2
parsley,20.8,67,5.0,5.88,46,0.55,82.32,2
parsley,25.08,55,4.7,5.67,32,0.5,67.75,1
parsley,21.45,71,4.8,5.91,43,0.52,81.12,2
parsley,19.58,52,6.0,5.99,45,0.54,70.01,2
parsley,23.41,62,3.8,6.44,26,0.43,68.19,1
parsley,34.1,57,5.6,5.64,53,0.71,54.58,1
parsley,13.46,63,4.7,6.09,56,1.17,64.07,1
parsley,31.69,64,5.1,5.84,56,0.42,61.82,1
parsley,19.97,61,5.0,5.86,48,0.59,81.35,2
parsley,21.75,58,4.4,6.23,44,1.19,77.74,2
parsley,16.36,57,6.0,6.39,39,1.66,53.88,1
parsley,14.85,68,5.9,5.66,59,1.0,53.48,1
parsley,16.61,66,3.9,6.13,33,0.79,66.66,1
parsley,17.39,69,4.1,5.83,47,0.37,61.96,1
parsley,20.67,60,3.5,6.43,47,1.09,66.86,1
parsley,23.43,71,4.1,6.06,41,0.76,73.44,2
parsley,23.26,64,4.6,6.14,59,0.69,76.69,2
parsley,22.91,62,4.9,5.9,41,0.93,85.84,2
parsley,22.65,69,4.3,6.34,27,1.16,74.1,2
parsley,14.77,63,5.4,5.7,29,1.04,65.47,1
parsley,15.65,66,4.3,6.05,61,0.64,62.6,1
parsley,26.12,54,5.5,5.82,46,0.53,63.6,1
parsley,23.24,63,4.7,6.66,28,1.13,72.7,2
parsley,23.51,62,5.4,6.46,37,1.03,74.51,2
parsley,18.39,62,4.7,6.26,42,0.95,75.95,2
parsley,20.04,64,4.4,5.47,40,0.92,73.0,2
parsley,20.91,54,3.9,5.85,25,0.92,77.63,2
parsley,18.17,63,4.8,6.24,11,0.92,81.89,2
parsley,17.9,60,4.0,5.97,59,1.27,67.2,1
parsley,46.47,53,6.6,6.12,76,0.64,45.07,1
parsley,19.56,59,4.7,5.94,9,0.91,87.32,2
parsley,14.72,66,3.5,5.55,60,0.12,41.78,0
parsley,24.9,65,4.2,5.88,35,0.47,70.97,2
parsley,15.17,71,4.1,5.94,25,0.7,63.03,1
parsley,23.23,70,3.8,5.81,77,1.28,61.76,1
parsley,16.96,66,6.2,5.56,57,1.08,56.13,1
parsley,22.27,59,4.6,6.1,66,0.82,79.03,2
parsley,19.39,66,5.8,6.19,35,0.66,74.24,2
parsley,19.12,80,5.3,6.22,18,0.8,72.22,2
parsley,20.85,68,5.4,5.96,40,1.01,83.46,2
parsley,21.34,56,3.4,5.47,36,0.78,66.04,1
parsley,20.89,58,5.8,6.06,51,0.67,77.94,2
parsley,47.82,57,5.3,5.82,72,1.14,56.85,1
parsley,21.6,54,5.1,5.54,51,0.73,74.75,2
parsley,23.02,54,5.0,5.72,59,0.91,75.04,2
parsley,32.27,58,6.4,5.98,31,0.35,56.65,1
parsley,23.16,56,6.5,5.84,42,1.21,67.32,1
parsley,22.41,62,4.7,6.25,31,0.5,81.35,2
parsley,22.72,66,4.6,6.22,52,1.61,72.43,2
parsley,14.01,58,5.2,6.06,71,0.91,62.68,1
parsley,16.25,54,3.4,6.06,35,0.86,60.53,1
parsley,24.4,66,4.4,5.76,47,1.13,70.56,2
parsley,38.88,56,5.4,5.97,58,0.94,62.5,1
parsley,27.77,72,5.2,5.57,47,1.11,56.7,1
parsley,21.22,51,4.9,6.26,26,0.79,81.1,2
parsley,21.58,54,5.3,6.21,39,1.43,77.3,2
parsley,20.62,61,3.3,5.9,39,0.76,74.17,2
parsley,19.67,61,4.1,5.64,46,1.22,69.59,1
parsley,15.33,59,3.9,5.91,31,0.48,61.55,1
parsley,32.24,55,5.2,6.05,28,0.49,64.92,1
parsley,33.54,49,4.0,5.94,37,0.8,56.2,1
parsley,14.89,68,4.3,6.13,44,0.42,58.63,1
parsley,15.23,64,5.8,5.65,65,0.97,56.77,1
parsley,18.92,69,4.8,5.65,36,1.28,71.06,2
parsley,17.9,69,6.0,5.91,63,0.88,65.85,1
parsley,23.75,66,4.3,6.05,46,0.95,77.14,2
parsley,19.14,69,5.0,5.81,43,0.72,76.89,2
parsley,22.39,58,4.4,5.53,48,1.04,71.69,2
parsley,18.45,50,4.9,6.07,36,1.57,70.05,2
parsley,7.53,58,5.0,6.04,25,1.41,68.08,1
parsley,23.63,64,4.7,5.74,55,0.56,73.56,2
parsley,20.42,62,5.7,6.06,53,0.89,81.25,2
parsley,27.41,70,6.3,5.7,46,0.74,53.86,1
parsley,19.68,62,5.3,6.08,63,0.95,79.73,2
parsley,13.71,66,6.1,5.73,45,0.47,53.17,1
parsley,20.02,64,5.5,6.21,59,0.66,75.09,2
parsley,18.62,66,5.8,5.79,35,0.69,71.89,2
parsley,13.48,70,6.1,6.55,57,1.33,43.17,0
parsley,8.93,72,5.3,5.68,50,0.68,55.48,1
parsley,21.9,52,4.4,6.17,60,0.7,72.99,2
parsley,23.67,54,6.1,5.9,39,0.24,66.45,1
parsley,21.57,60,5.5,6.04,42,1.17,84.5,2
parsley,45.28,48,5.1,6.1,53,0.5,56.38,1
parsley,21.98,56,5.4,6.12,20,0.91,85.91,2
parsley,20.98,61,5.8,6.01,68,1.07,78.66,2
parsley,21.1,46,4.1,6.41,51,0.94,65.17,1
parsley,21.38,68,5.0,5.69,52,1.03,80.41,2
parsley,23.48,60,5.2,5.73,72,0.64,71.78,2
parsley,20.76,69,5.5,6.18,63,1.35,72.39,2
parsley,22.48,63,4.1,5.77,20,1.32,78.72,2
parsley,22.02,58,5.2,6.3,73,1.21,73.56,2
parsley,39.38,51,5.3,6.38,72,1.41,47.0,1
parsley,25.84,55,4.9,5.78,41,1.22,68.45,1
parsley,19.87,58,4.1,6.22,50,1.05,71.91,2
parsley,35.73,65,4.8,6.25,48,1.1,62.33,1
parsley,38.61,53,4.8,5.82,60,0.63,56.95,1
parsley,23.25,65,6.0,5.88,58,0.82,73.27,2
parsley,29.17,75,4.6,6.29,42,1.12,54.87,1
parsley,49.83,51,5.0,6.13,47,0.66,60.67,1
parsley,21.18,62,4.1,5.85,65,1.16,76.04,2
parsley,19.6,58,3.9,6.55,66,0.55,58.7,1
parsley,25.77,45,4.5,5.85,74,0.8,57.38,1
parsley,21.16,60,5.3,5.59,12,1.07,83.66,2
parsley,38.2,53,5.2,6.41,59,0.88,54.6,1
parsley,23.46,66,5.8,5.85,57,1.04,72.63,2
parsley,26.15,64,4.3,5.92,56,0.59,67.05,1
parsley,13.4,69,5.4,6.03,33,0.78,66.0,1
parsley,20.57,57,5.0,6.67,25,0.51,73.23,2
parsley,23.29,56,4.3,5.84,33,1.03,75.95,2
parsley,13.63,66,5.9,5.68,59,0.65,52.83,1
parsley,20.25,71,5.6,6.36,63,1.43,64.71,1
parsley,15.92,69,6.1,6.13,51,0.68,58.97,1
parsley,22.83,72,4.8,6.15,58,0.79,75.42,2
parsley,13.34,61,4.9,5.61,81,0.65,54.97,1
parsley,22.54,63,5.4,5.91,63,1.3,78.1,2
parsley,19.23,59,5.1,5.92,33,0.93,83.31,2
parsley,46.21,48,3.0,6.05,62,0.64,42.8,0
parsley,24.34,60,4.9,5.96,40,0.4,78.0,2
parsley,24.41,59,5.5,5.79,54,0.74,71.3,2
parsley,37.12,66,4.2,5.99,87,0.41,53.12,1
parsley,21.41,62,5.4,5.98,39,1.08,88.04,2
parsley,21.47,59,3.9,6.05,35,0.87,82.48,2
parsley,20.59,63,3.8,6.38,80,1.42,62.83,1
parsley,29.45,51,5.3,5.72,60,0.39,51.0,1
parsley,21.39,71,4.6,5.59,31,1.21,75.64,2
parsley,22.55,54,3.8,6.14,37,0.19,68.02,1
parsley,21.31,72,4.3,5.72,38,0.67,74.66,2
parsley,21.5,58,3.8,5.9,47,0.2,72.63,2
parsley,21.57,51,5.8,6.08,36,0.87,79.05,2
parsley,26.86,59,4.8,6.59,49,0.66,59.12,1
parsley,17.04,64,4.2,6.18,48,0.77,67.67,1
parsley,31.76,66,6.5,5.59,56,0.84,48.62,1
parsley,32.37,61,4.2,5.99,45,0.33,60.65,1
parsley,21.81,55,3.8,6.16,70,0.88,70.58,2
parsley,21.94,62,4.9,5.87,28,0.79,89.51,2
parsley,25.67,77,4.5,6.15,48,0.91,64.55,1
parsley,49.58,61,3.8,6.21,63,0.85,54.98,1
parsley,19.76,52,4.7,6.3,72,0.59,65.9,1
parsley,49.56,47,5.1,5.42,83,1.04,43.35,0
parsley,19.77,67,4.2,6.22,70,0.95,69.87,1
parsley,22.69,51,3.6,6.44,34,0.28,59.57,1
parsley,26.68,56,2.9,6.28,84,1.03,45.62,1
parsley,24.91,63,4.5,5.81,44,0.82,74.41,2
parsley,21.31,70,4.7,6.0,66,1.01,80.79,2
parsley,25.84,62,3.6,6.04,43,0.59,66.25,1
parsley,21.75,63,4.9,5.99,47,1.12,88.37,2
parsley,21.1,65,4.7,6.16,55,0.31,77.82,2
parsley,23.17,54,5.4,6.18,54,1.5,69.53,1
parsley,17.37,68,4.7,6.05,65,0.67,68.9,1
parsley,21.78,66,5.0,6.1,60,1.33,81.52,2
parsley,29.15,70,5.6,5.94,43,0.84,62.13,1
parsley,20.55,66,5.0,5.98,57,1.23,82.54,2
parsley,23.73,67,4.6,6.04,69,0.92,75.46,2
parsley,18.29,61,3.6,6.5,43,0.98,61.6,1
parsley,27.14,66,4.5,5.71,42,1.02,64.24,1
parsley,19.08,64,6.3,6.16,37,1.51,67.99,1
parsley,20.25,65,5.1,6.04,60,1.26,80.38,2
parsley,17.44,72,5.8,6.0,62,1.07,64.95,1
parsley,21.69,54,4.0,6.26,41,1.11,73.07,2
parsley,15.01,63,4.7,6.11,31,1.09,69.96,1
parsley,48.72,48,6.2,6.27,52,0.51,44.98,0
parsley,25.46,52,4.8,5.89,48,0.98,70.02,2
parsley,27.51,61,5.9,5.97,54,0.64,63.41,1
parsley,24.9,57,4.8,6.3,36,0.41,69.4,1
parsley,26.42,52,4.9,5.86,65,0.85,64.84,1
parsley,42.98,62,3.3,5.84,48,1.3,52.42,1
parsley,21.26,68,4.1,6.13,77,0.68,72.0,2
parsley,42.21,61,6.1,5.99,45,1.32,59.65,1
parsley,42.87,43,5.3,5.98,48,0.51,54.4,1
parsley,44.18,60,4.4,6.16,54,0.7,60.13,1
parsley,15.73,59,5.5,6.36,43,0.81,62.55,1
parsley,23.95,56,4.2,5.93,47,0.27,68.62,1
parsley,40.65,55,4.4,6.12,47,0.81,60.02,1
parsley,13.23,73,4.7,6.05,57,1.2,58.45,1
parsley,15.01,56,3.7,5.7,43,1.45,50.06,1
parsley,23.71,63,5.5,5.69,43,0.32,71.44,2
parsley,38.71,64,5.7,6.39,61,1.16,53.72,1
parsley,33.04,51,4.6,5.65,54,0.86,53.77,1
parsley,23.09,65,3.1,6.15,53,0.8,67.04,1
parsley,20.9,62,4.2,6.04,58,1.55,76.1,2
parsley,43.37,49,3.1,5.85,51,0.66,44.15,0
parsley,36.47,66,6.0,6.14,28,0.62,60.6,1
parsley,49.46,55,5.6,5.62,67,1.03,51.15,1
parsley,19.69,68,6.3,5.97,61,0.6,68.51,1
parsley,20.96,60,4.4,5.51,46,0.57,72.24,2
parsley,13.74,61,5.0,6.32,46,0.85,64.62,1
parsley,21.3,58,5.4,6.0,67,0.64,80.4,2
parsley,25.65,66,5.5,5.99,81,0.42,64.59,1
parsley,14.47,64,4.6,6.44,39,1.02,59.8,1
parsley,21.96,61,4.2,5.81,49,0.81,79.07,2
parsley,19.13,59,4.3,6.23,59,1.12,69.61,1
parsley,37.49,59,4.9,6.21,30,0.3,62.95,1
parsley,20.28,61,5.2,5.97,45,0.47,82.43,2
parsley,17.46,54,4.2,6.44,61,0.0,50.89,1
parsley,17.33,59,3.1,6.33,57,0.6,53.14,1
parsley,17.34,64,5.2,5.94,41,0.0,70.18,2
parsley,26.63,69,5.2,6.28,53,1.46,60.84,1
parsley,29.74,52,5.2,6.21,22,1.06,63.0,1
parsley,21.0,50,5.5,5.97,25,0.72,81.05,2
parsley,25.98,48,4.0,5.66,51,1.08,54.2,1
parsley,45.75,48,7.3,6.29,52,0.35,37.25,0
parsley,20.48,57,4.9,6.08,49,0.8,82.44,2
parsley,19.53,64,5.3,5.89,56,0.2,73.85,2
parsley,34.45,52,5.1,5.95,51,0.17,57.37,1
parsley,32.48,58,6.1,5.9,68,0.76,54.55,1
parsley,21.54,61,4.2,6.08,30,1.24,83.55,2
parsley,19.25,63,7.4,6.43,58,0.86,59.67,1
parsley,20.83,62,4.7,6.13,63,1.09,80.85,2
parsley,12.7,67,5.0,5.83,48,0.81,65.15,1
parsley,46.17,60,3.7,6.0,26,0.88,64.25,1
parsley,25.24,64,6.5,6.13,65,0.82,63.06,1
parsley,22.41,53,5.5,6.11,60,0.91,75.67,2
parsley,20.28,67,5.3,6.01,45,0.76,82.7,2
parsley,48.17,57,5.2,5.71,52,0.89,60.65,1
parsley,19.68,59,4.7,6.16,63,0.86,76.42,2
parsley,23.7,81,5.5,6.28,50,0.95,64.51,1
parsley,20.99,57,5.2,5.99,48,0.88,85.38,2
parsley,13.11,63,4.8,5.83,64,1.34,60.47,1
parsley,30.56,61,4.0,6.28,69,1.22,51.83,1
parsley,33.17,55,5.9,6.04,21,0.94,64.12,1
parsley,20.52,71,4.3,5.99,42,1.02,78.65,2
parsley,11.12,60,5.7,6.08,80,0.48,54.82,1
parsley,22.6,53,4.1,5.73,45,0.98,70.84,2
parsley,37.63,52,5.1,6.37,75,1.26,50.05,1
parsley,24.45,62,6.2,5.98,27,1.18,75.04,2
parsley,39.87,61,5.6,6.1,47,1.15,62.68,1
parsley,20.58,55,4.6,6.03,72,1.6,71.44,2
parsley,36.26,63,4.2,6.34,37,0.86,60.4,1
parsley,19.34,60,5.4,5.97,23,1.59,79.15,2
parsley,41.52,58,5.8,5.57,47,1.0,54.03,1
parsley,18.27,61,5.9,6.33,73,1.28,61.19,1
parsley,18.35,57,4.7,6.07,31,1.02,77.88,2
parsley,7.39,65,3.2,6.31,60,0.82,48.13,1
parsley,39.76,67,5.7,6.08,52,1.36,57.95,1
parsley,24.83,62,6.0,6.51,56,1.16,60.99,1
parsley,26.56,57,4.4,5.91,60,0.99,65.19,1
parsley,23.57,67,5.5,5.83,30,1.33,75.65,2
parsley,24.64,65,5.1,5.89,50,1.32,74.75,2
parsley,21.87,63,4.1,6.05,48,0.86,82.56,2
parsley,20.31,60,4.4,6.22,38,1.42,75.53,2
parsley,34.75,63,4.2,5.68,66,1.17,54.05,1
parsley,36.29,49,4.3,6.52,66,1.4,41.08,0
parsley,5.27,75,6.2,6.08,64,0.53,48.15,1
parsley,48.28,55,6.8,6.02,47,0.71,52.18,1
parsley,21.76,64,3.5,5.82,59,1.25,70.76,2
parsley,20.39,64,5.3,6.16,29,1.14,83.65,2
parsley,23.95,67,5.2,6.05,31,0.3,77.63,2
parsley,28.41,60,4.0,5.72,49,0.7,55.82,1
parsley,20.39,65,5.2,5.88,36,0.97,84.85,2
parsley,40.25,56,4.3,5.88,80,1.61,49.2,1
parsley,20.76,63,4.7,5.97,23,0.55,87.99,2
parsley,21.06,72,3.2,6.15,67,0.95,64.96,1
parsley,19.59,60,5.5,6.22,42,0.73,76.48,2
parsley,21.91,55,5.0,5.87,64,1.03,79.98,2
parsley,47.24,52,5.8,6.2,48,0.54,52.7,1
parsley,24.14,67,5.2,6.38,31,0.85,75.07,2
parsley,24.01,66,4.9,5.63,38,1.02,75.25,2
parsley,22.48,66,5.0,6.25,51,0.93,81.35,2
parsley,29.35,60,5.9,5.94,48,1.19,60.13,1
parsley,15.86,62,5.4,6.28,43,0.85,67.4,1
parsley,20.81,65,4.3,5.76,21,1.05,81.73,2
parsley,27.44,57,3.7,6.08,47,1.61,54.63,1
parsley,18.73,56,3.7,5.78,77,0.67,59.29,1
parsley,21.87,66,4.3,6.54,51,1.25,69.38,1
parsley,22.52,67,5.7,6.25,29,0.79,78.39,2
parsley,7.91,72,5.6,6.12,61,0.57,54.48,1
parsley,19.99,57,6.0,5.91,47,0.74,73.92,2
parsley,22.12,64,4.6,6.06,21,0.67,87.71,2
parsley,43.11,51,3.2,5.99,37,0.8,52.4,1
parsley,35.89,60,4.5,5.58,51,1.13,55.93,1
parsley,16.89,64,5.7,6.3,67,0.21,57.76,1
parsley,38.38,51,5.9,5.91,45,0.24,51.55,1
parsley,21.73,62,4.5,5.94,52,0.83,84.84,2
parsley,26.47,63,6.0,6.0,20,1.05,73.42,2
parsley,8.69,74,5.8,5.96,40,0.59,57.05,1
parsley,21.88,61,3.6,5.82,39,1.51,72.33,2
parsley,21.37,55,5.1,6.17,63,1.01,79.56,2
parsley,7.24,64,5.1,5.96,93,1.27,58.97,1
parsley,17.66,53,3.9,6.16,36,0.35,61.3,1
parsley,22.71,62,5.2,5.78,49,1.34,78.51,2
parsley,39.07,52,5.2,5.85,59,1.07,57.95,1
parsley,21.18,59,5.5,6.2,78,1.44,71.74,2
parsley,23.0,61,5.7,5.9,52,1.29,75.65,2
parsley,5.88,70,5.0,6.21,33,1.45,61.22,1
parsley,19.8,66,3.9,5.63,59,0.27,62.31,1
parsley,25.57,54,5.9,6.23,68,1.1,58.92,1
parsley,25.76,67,4.9,6.29,36,1.13,70.66,2
parsley,20.65,60,3.8,5.68,47,0.51,69.59,1
parsley,36.12,56,5.0,5.7,50,0.85,61.35,1
parsley,36.59,59,6.3,6.16,71,1.07,51.7,1
parsley,20.83,59,6.5,5.98,70,0.76,71.5,2
parsley,22.81,45,6.2,5.68,46,1.6,56.86,1
parsley,49.38,35,4.3,5.96,49,0.29,45.7,1
parsley,23.78,61,4.7,5.94,44,0.79,80.89,2
parsley,21.19,56,6.1,5.78,29,0.93,77.48,2
parsley,26.6,66,4.8,5.71,58,1.06,65.03,1
parsley,20.74,60,5.8,6.04,58,1.4,75.7,2
parsley,21.52,63,4.4,5.98,50,1.07,84.99,2
parsley,20.41,57,4.6,6.35,45,0.68,74.25,2
parsley,11.28,58,4.9,5.62,54,0.62,57.62,1
parsley,21.41,48,4.5,5.97,53,1.02,76.86,2
parsley,37.93,48,5.4,6.3,55,1.03,52.05,1
parsley,21.35,57,4.0,6.21,32,0.68,77.4,2
parsley,24.86,56,3.9,5.67,41,1.22,62.15,1
parsley,21.03,64,4.1,6.39,51,0.5,71.37,2
parsley,15.15,62,5.7,6.02,29,1.24,68.24,1
parsley,43.94,57,4.7,6.17,65,1.1,58.55,1
parsley,21.84,72,4.1,6.19,59,1.31,69.53,1
parsley,26.83,59,4.4,5.63,37,0.55,61.69,1
parsley,35.49,46,5.1,6.14,67,0.55,52.47,1
parsley,21.07,62,4.2,6.27,56,0.71,76.15,2
parsley,36.78,54,4.8,5.46,66,0.07,44.68,0
parsley,7.23,61,5.5,5.99,87,0.67,58.73,1
parsley,5.97,63,6.7,6.03,46,0.36,54.18,1
parsley,23.06,65,5.6,6.4,53,0.99,71.96,2
parsley,23.14,64,5.6,6.26,34,0.73,77.63,2
parsley,19.56,75,4.5,6.29,41,1.27,67.49,1
parsley,23.64,62,4.8,5.73,46,0.89,78.94,2
parsley,16.46,74,5.2,6.27,55,0.08,55.8,1
parsley,27.8,57,6.3,6.1,49,0.85,58.37,1
parsley,23.41,66,5.2,6.08,27,1.21,82.26,2
parsley,20.78,57,5.1,5.9,51,1.25,80.48,2
parsley,19.73,59,3.6,5.99,45,1.03,73.56,2
parsley,22.54,73,5.2,5.29,61,0.85,64.45,1
parsley,8.59,56,3.9,6.36,55,0.89,51.4,1
parsley,27.07,65,5.7,5.65,41,0.91,63.42,1
parsley,8.54,71,5.1,5.92,51,1.9,55.72,1
parsley,20.82,58,5.5,5.82,62,0.49,74.26,2
parsley,21.78,59,3.7,6.04,26,0.51,78.97,2
parsley,21.77,64,4.3,5.99,27,0.45,84.63,2
parsley,19.87,62,4.6,5.99,33,0.77,85.26,2
parsley,40.08,64,6.0,5.94,34,1.3,61.4,1
parsley,12.12,61,3.3,5.84,23,1.13,57.4,1
parsley,16.17,70,4.6,6.05,44,0.51,65.69,1
parsley,23.83,62,5.4,6.34,71,0.26,66.08,1
parsley,38.03,64,4.1,5.93,69,0.32,54.62,1
parsley,23.77,61,4.0,6.64,58,1.04,61.48,1
parsley,23.28,55,3.6,6.38,57,1.2,60.31,1
parsley,16.22,54,5.1,5.66,49,0.65,62.01,1
parsley,19.54,64,4.5,6.23,48,1.46,72.48,2
parsley,24.8,60,3.3,5.91,40,0.3,62.85,1
parsley,22.51,67,5.6,5.88,32,0.48,78.68,2
parsley,22.4,54,6.0,6.66,61,0.91,61.38,1
parsley,7.09,75,3.3,5.98,57,1.35,46.1,1
parsley,21.7,70,4.7,5.51,29,1.06,76.71,2
parsley,20.37,60,4.4,6.37,38,1.56,71.54,2
parsley,20.34,55,6.4,5.89,67,1.21,65.74,1
parsley,20.02,49,5.9,6.05,70,0.37,63.84,1
parsley,21.22,61,5.1,6.27,39,0.81,84.9,2
parsley,18.59,50,5.6,5.26,49,0.82,56.05,1
parsley,22.02,63,4.3,6.02,53,0.74,82.4,2
parsley,20.94,67,5.4,6.22,63,0.14,71.47,2
parsley,36.01,67,5.6,6.19,62,1.29,55.42,1
parsley,23.91,65,3.9,5.85,32,0.74,73.7,2
parsley,21.86,57,4.9,5.95,43,1.11,85.0,2
parsley,22.82,80,3.7,6.15,57,1.0,62.65,1
parsley,21.14,60,5.5,5.97,56,1.02,82.79,2
parsley,21.49,59,4.1,5.79,64,1.33,72.67,2
parsley,18.9,64,5.3,6.05,67,0.92,77.09,2
parsley,22.03,52,4.5,6.23,9,1.24,79.5,2
parsley,21.75,64,5.5,6.32,58,0.84,78.07,2
parsley,24.37,63,6.0,5.64,42,0.53,66.72,1
parsley,21.69,70,5.4,5.78,43,0.96,79.89,2
parsley,18.86,72,3.6,5.75,34,0.5,62.26,1
parsley,30.87,59,6.3,5.72,51,0.71,52.47,1
parsley,22.72,64,5.0,6.04,67,0.99,82.9,2
parsley,19.69,68,5.9,5.75,51,1.33,67.7,1
parsley,20.21,63,4.6,6.24,60,0.61,75.8,2
parsley,18.73,60,5.0,6.31,43,0.79,76.3,2
parsley,21.21,59,4.1,5.72,24,0.29,75.64,2
parsley,8.68,73,5.5,5.44,28,1.45,49.5,1
parsley,22.64,61,6.1,5.37,50,0.71,65.08,1
parsley,45.43,61,6.0,5.8,51,0.54,56.1,1
parsley,21.21,52,4.0,6.36,56,0.67,66.92,1
parsley,23.75,66,5.5,6.38,18,0.71,75.54,2
parsley,6.7,65,4.2,5.75,71,0.41,51.58,1
parsley,16.35,68,5.4,6.24,42,1.28,64.02,1
parsley,40.04,55,4.9,6.3,36,0.37,58.33,1
parsley,48.92,52,3.7,6.1,57,0.87,52.2,1
parsley,30.86,59,4.9,5.96,63,0.51,62.6,1
parsley,24.09,65,4.9,5.78,37,0.3,74.78,2
parsley,23.12,50,5.3,5.94,39,0.0,70.42,2
parsley,49.22,63,6.4,6.12,68,1.46,50.8,1
parsley,28.37,54,5.6,6.04,36,1.53,58.72,1
parsley,44.77,64,6.1,5.77,70,1.11,52.83,1
parsley,19.84,63,3.7,6.14,34,0.46,73.07,2
parsley,25.33,71,6.1,6.26,63,1.36,56.17,1
parsley,20.19,60,4.4,5.97,50,0.76,80.16,2
parsley,21.95,58,5.8,5.5,19,0.95,76.43,2
parsley,18.13,60,5.4,5.83,45,0.56,72.14,2
parsley,22.34,63,5.2,6.47,50,1.36,74.23,2
parsley,20.67,61,4.6,6.04,39,1.26,83.43,2
parsley,19.99,57,5.0,5.93,60,1.21,78.4,2
parsley,23.77,64,3.9,6.02,38,1.39,73.55,2
parsley,22.31,69,5.0,5.5,43,0.11,70.04,2
parsley,19.68,61,5.6,6.59,43,0.32,65.6,1
parsley,22.6,58,4.3,6.42,50,1.23,69.42,1
parsley,22.74,56,5.1,5.89,49,0.91,81.36,2
parsley,13.41,66,5.6,6.25,50,1.17,57.82,1
parsley,21.58,66,4.6,5.84,52,1.15,80.72,2
parsley,23.16,59,4.3,6.31,34,0.98,75.37,2
parsley,22.86,66,4.6,5.81,55,0.62,75.71,2
parsley,20.24,57,5.0,5.75,38,1.29,78.52,2
parsley,37.77,57,5.5,5.72,32,0.77,60.93,1
parsley,22.74,63,4.7,5.72,44,1.02,79.97,2
parsley,47.42,54,5.2,6.12,41,0.69,62.42,1
parsley,35.2,58,5.2,6.28,35,0.5,61.03,1
parsley,13.04,68,4.6,5.67,68,1.07,54.35,1
parsley,33.27,55,5.5,5.76,43,1.12,57.95,1
parsley,21.98,63,6.2,6.48,66,0.09,61.98,1
parsley,29.97,58,4.4,5.85,81,0.47,52.72,1
parsley,24.22,64,5.4,5.72,20,0.73,77.98,2
parsley,46.59,64,4.7,6.1,65,0.69,62.27,1
parsley,20.73,73,4.6,5.78,46,0.52,73.27,2
parsley,24.31,66,5.9,6.09,52,0.83,72.07,2
parsley,22.0,70,5.0,5.53,44,1.42,73.0,2
parsley,22.25,60,6.1,6.34,61,0.94,70.81,2
parsley,7.86,66,5.0,5.81,57,0.4,60.43,1
parsley,21.53,70,4.4,6.0,42,1.0,83.08,2
parsley,16.58,68,4.3,6.2,43,2.15,56.23,1
parsley,19.2,70,3.8,6.41,44,0.87,64.15,1
parsley,21.12,70,5.4,5.5,16,0.75,77.5,2
parsley,16.15,63,4.4,6.11,32,1.36,68.55,1
parsley,40.01,65,4.5,6.35,62,1.02,56.42,1
parsley,34.63,56,5.6,6.41,67,0.92,52.07,1
parsley,22.18,70,4.9,5.88,31,1.2,82.74,2
parsley,20.76,76,5.1,6.3,25,1.5,73.87,2
parsley,45.71,53,5.2,5.88,93,0.8,54.07,1
parsley,19.41,65,6.0,5.5,60,1.15,62.95,1
parsley,20.61,70,3.9,6.2,67,1.47,64.79,1
parsley,15.75,64,3.1,5.96,24,0.86,63.29,1
parsley,24.11,46,5.7,6.39,23,0.72,64.26,1
parsley,36.18,50,3.9,6.14,34,1.16,53.62,1
parsley,10.7,72,4.5,6.01,36,1.23,61.6,1
parsley,19.18,59,5.8,6.22,37,1.19,72.29,2
parsley,21.92,56,5.6,5.87,52,0.5,75.8,2
parsley,24.69,61,4.3,6.29,36,0.54,69.94,1
parsley,23.09,71,5.3,5.49,38,0.88,71.41,2
parsley,17.58,67,5.2,5.66,18,1.11,73.05,2
parsley,23.17,58,5.1,5.68,44,0.83,77.46,2
parsley,10.14,73,5.3,6.04,63,0.78,59.15,1
parsley,20.91,64,4.4,6.02,53,0.25,78.26,2
parsley,20.77,64,4.5,6.04,42,1.36,81.63,2
parsley,15.44,64,4.5,5.91,55,1.54,61.74,1
parsley,27.89,63,5.4,5.71,44,1.02,64.31,1
parsley,21.24,71,4.2,6.11,20,1.1,80.96,2
parsley,26.13,57,6.4,6.68,70,0.95,47.29,1
parsley,22.71,68,3.9,5.55,29,1.32,67.66,1
parsley,20.15,65,4.5,5.71,59,0.84,74.76,2
parsley,15.04,65,5.2,5.53,51,1.33,57.06,1
parsley,21.91,64,4.1,5.9,54,0.57,77.43,2
parsley,21.05,61,3.6,6.13,45,1.53,71.96,2
parsley,16.41,64,4.8,6.11,37,0.34,70.02,2
parsley,18.17,71,3.9,5.87,47,1.33,63.12,1
parsley,27.14,61,4.7,5.34,60,1.02,56.54,1
parsley,22.43,53,5.5,6.26,29,1.15,75.78,2
parsley,26.87,63,5.1,6.27,24,1.12,72.37,2
parsley,30.48,70,6.0,6.31,68,1.37,46.55,1
parsley,19.78,79,5.4,5.89,37,1.07,72.4,2
parsley,22.57,59,5.1,5.93,76,0.4,75.86,2
parsley,27.84,55,4.5,6.0,23,1.22,67.14,1
parsley,21.95,65,4.7,6.05,59,0.48,80.63,2
parsley,26.92,52,5.2,5.84,59,1.0,62.85,1
parsley,15.3,70,4.6,5.75,40,0.85,62.7,1
parsley,21.8,62,2.8,6.33,27,0.56,69.91,1
parsley,35.89,61,5.7,5.65,27,0.69,60.6,1
parsley,21.45,62,4.7,5.54,41,1.07,79.86,2
parsley,30.84,59,4.9,5.94,63,1.16,63.28,1
parsley,17.0,53,3.9,5.88,12,0.92,68.63,1
parsley,21.56,64,4.6,5.93,32,1.35,85.45,2
parsley,14.22,56,4.5,5.98,52,0.55,60.37,1
parsley,14.4,52,5.0,5.78,14,0.16,60.8,1
parsley,30.87,56,5.6,5.6,46,0.55,53.02,1
parsley,20.34,58,5.2,6.09,58,1.0,80.19,2
parsley,19.08,55,4.3,6.75,30,0.93,63.09,1
parsley,20.99,64,4.3,5.81,26,0.59,81.68,2
parsley,19.38,71,5.7,5.74,22,1.14,72.73,2
parsley,26.2,67,4.6,6.29,66,1.08,62.57,1
parsley,15.59,56,5.0,5.71,36,0.67,65.5,1
parsley,42.61,59,4.8,6.2,66,0.69,59.65,1
parsley,18.75,56,4.4,5.95,30,0.84,77.24,2
parsley,14.89,72,5.7,6.05,79,0.82,55.33,1
parsley,24.8,63,4.9,6.24,0,1.1,83.05,2
parsley,20.6,57,5.1,5.86,27,1.6,80.25,2
parsley,24.07,72,4.7,6.45,35,1.07,68.46,1
parsley,19.1,62,4.8,5.65,18,0.96,80.84,2
parsley,39.05,65,5.6,6.0,69,1.65,56.25,1
parsley,22.13,62,6.0,6.11,59,0.64,76.2,2
parsley,24.01,56,4.7,5.8,18,0.39,75.43,2
parsley,21.79,61,4.0,6.0,69,1.0,78.44,2
parsley,18.66,66,5.3,5.84,35,0.88,78.34,2
parsley,21.06,72,5.1,6.44,49,1.5,70.33,2
parsley,26.6,55,6.1,6.33,62,1.24,52.91,1
parsley,22.21,63,4.2,5.94,32,0.87,84.89,2
parsley,21.8,69,5.4,6.55,36,0.73,73.83,2
parsley,22.9,62,6.3,5.88,60,1.25,70.63,2
parsley,20.03,73,4.9,6.02,50,0.2,74.18,2
parsley,22.7,63,3.7,5.95,83,1.06,70.35,2
parsley,22.7,66,5.0,5.69,28,1.11,81.85,2
parsley,17.9,59,6.0,5.86,59,0.5,64.15,1
parsley,21.47,65,5.3,6.18,51,0.48,80.56,2
parsley,19.95,65,4.3,6.36,41,0.95,74.37,2
parsley,19.79,69,5.3,5.96,26,1.11,82.08,2
parsley,21.54,65,3.8,5.85,53,0.39,73.3,2
parsley,22.79,66,6.6,5.99,51,0.51,70.26,2
parsley,23.76,78,4.5,6.21,43,0.77,68.04,1
parsley,21.55,70,5.4,5.82,59,1.07,77.51,2
parsley,8.75,68,5.9,5.96,53,0.85,59.9,1
parsley,27.06,54,5.7,6.24,53,1.17,57.88,1
parsley,26.55,56,4.6,5.73,26,1.05,67.69,1
parsley,20.58,63,3.8,5.96,31,1.14,80.1,2
parsley,20.7,64,6.1,5.82,50,0.76,75.46,2
parsley,27.68,61,5.0,6.2,33,0.86,71.61,2
parsley,19.71,66,3.4,5.87,60,1.11,66.44,1
parsley,23.57,63,4.2,5.79,62,1.12,71.42,2
parsley,16.02,67,5.5,6.16,65,1.55,58.44,1
parsley,15.55,69,4.5,6.13,22,1.23,66.33,1
parsley,21.88,63,4.3,6.07,45,1.5,79.46,2
parsley,23.72,75,5.5,5.73,62,0.28,61.51,1
parsley,38.83,59,5.6,6.53,57,1.27,50.22,1
parsley,19.38,57,5.6,6.15,50,0.68,72.98,2
parsley,47.42,45,4.8,5.46,78,0.34,39.53,0
parsley,19.77,54,5.9,5.99,41,0.99,75.42,2
parsley,9.94,76,6.0,5.93,26,0.75,57.42,1
parsley,29.32,52,4.5,6.03,51,0.71,59.27,1
parsley,39.42,66,5.2,6.34,37,0.85,63.02,1
parsley,47.68,56,5.8,5.97,41,1.57,57.08,1
parsley,22.79,59,5.8,6.59,34,1.0,69.91,1
parsley,23.35,64,5.9,5.82,76,1.15,68.71,1
parsley,23.73,61,4.8,6.34,69,1.25,70.01,2
parsley,45.91,55,3.8,5.71,80,0.53,44.28,0
parsley,16.84,70,5.3,5.9,25,1.29,70.52,2
parsley,20.32,77,3.1,5.97,62,0.71,61.16,1
parsley,18.77,69,5.3,6.43,30,0.85,72.03,2
parsley,20.08,58,5.4,5.83,56,1.05,76.26,2
parsley,35.83,66,3.8,6.32,44,0.94,54.83,1
parsley,23.33,57,5.5,5.41,76,0.68,61.42,1
parsley,20.25,61,7.5,5.92,39,0.72,70.93,2
parsley,22.27,64,4.5,6.19,26,0.8,84.18,2
parsley,22.62,62,4.7,5.92,52,0.84,83.48,2
parsley,19.6,57,6.9,6.14,72,0.78,61.22,1
parsley,31.95,63,4.7,5.82,41,1.76,59.85,1
parsley,18.22,60,6.1,5.87,60,1.05,67.03,1
parsley,22.11,69,6.2,5.67,49,0.86,70.26,2
parsley,19.73,76,3.5,5.57,55,0.27,52.58,1
parsley,20.24,59,5.0,6.54,38,0.82,76.5,2
parsley,12.49,67,5.2,6.96,42,1.48,44.77,0
parsley,21.63,53,5.6,5.96,48,1.47,75.88,2
parsley,20.44,57,3.8,5.79,65,0.6,67.14,1
parsley,19.78,62,3.6,6.0,73,1.41,67.87,1
parsley,28.0,59,5.6,6.06,40,0.68,65.13,1
parsley,21.22,56,3.9,5.98,46,0.31,74.07,2
parsley,21.98,61,5.1,5.34,29,0.48,75.45,2
parsley,26.61,69,4.0,5.73,65,0.71,56.18,1
parsley,19.4,55,4.7,6.02,40,0.56,77.35,2
parsley,22.13,64,5.5,5.86,46,0.68,81.25,2
parsley,21.21,69,4.6,5.92,44,1.77,76.09,2
parsley,21.5,54,3.0,5.98,21,0.38,71.67,2
parsley,12.77,52,3.7,5.85,49,1.4,48.62,1
parsley,22.97,63,3.8,5.66,48,0.79,70.78,2
parsley,21.64,55,6.1,5.73,37,0.51,72.03,2
parsley,9.3,64,5.1,6.15,55,0.77,65.1,1
parsley,23.75,49,6.0,5.91,53,1.41,63.09,1
parsley,21.15,65,4.5,6.07,56,1.39,78.93,2
parsley,42.96,59,6.6,6.16,56,1.14,51.37,1
parsley,22.71,63,4.5,6.16,29,1.41,80.21,2
parsley,28.18,59,5.1,5.95,46,0.15,63.15,1
parsley,21.94,58,4.5,5.68,49,0.53,74.64,2
parsley,21.03,56,5.6,6.17,31,1.01,80.77,2
parsley,24.63,58,5.3,5.7,48,1.49,67.19,1
parsley,17.71,55,6.4,6.17,48,1.63,56.69,1
parsley,17.55,66,4.1,5.98,44,0.6,69.63,1
parsley,21.29,66,5.8,6.08,29,0.65,82.78,2
parsley,15.94,65,4.5,5.88,24,0.77,71.38,2
parsley,38.33,55,6.3,6.14,81,0.67,47.53,1
parsley,24.97,73,4.8,6.2,27,0.64,71.62,2
parsley,25.24,61,5.1,6.45,57,1.2,66.66,1
parsley,20.65,79,5.0,6.04,75,1.36,70.54,2
parsley,34.03,54,4.2,5.71,68,1.37,47.85,1
parsley,22.78,69,6.3,6.29,88,1.0,61.39,1
parsley,21.79,54,5.3,6.18,38,1.06,80.55,2
parsley,33.2,55,6.0,5.92,39,1.23,57.15,1
parsley,43.1,51,4.2,6.13,42,1.06,56.17,1
parsley,15.81,56,4.1,5.97,48,0.86,64.16,1
parsley,12.63,52,4.7,6.15,65,0.7,55.95,1
parsley,22.26,57,4.1,6.22,32,0.34,73.38,2
parsley,23.04,51,4.7,6.24,51,0.84,72.65,2
parsley,32.66,67,4.0,6.09,62,1.43,53.25,1
parsley,20.01,58,4.6,5.72,69,1.63,66.86,1
parsley,17.25,58,5.8,5.45,43,0.59,58.41,1
parsley,24.51,58,5.2,5.26,50,0.95,63.65,1
parsley,41.09,51,3.2,6.03,58,1.52,44.17,0
parsley,23.7,68,4.9,6.01,38,0.9,83.13,2
parsley,27.36,61,5.3,5.62,64,1.1,60.17,1
parsley,21.65,58,5.0,6.23,42,0.96,84.77,2
parsley,15.92,67,5.0,5.95,56,0.48,67.52,1
parsley,24.08,75,4.7,5.79,68,0.79,66.43,1
parsley,23.98,61,5.0,5.95,26,0.62,84.35,2
parsley,32.05,58,6.2,5.6,61,1.44,45.63,1
parsley,23.95,54,4.7,5.55,50,1.06,66.98,1
parsley,19.92,53,4.4,5.96,68,1.25,70.24,2
parsley,22.53,61,5.3,5.72,41,1.08,79.97,2
parsley,13.17,65,5.0,5.9,39,0.78,69.0,1
parsley,28.33,62,6.4,6.28,48,1.25,53.17,1
parsley,19.09,69,5.0,5.94,41,1.34,77.51,2
parsley,19.8,65,6.1,5.75,47,0.81,71.81,2
parsley,28.68,55,4.2,5.97,48,1.4,56.73,1
parsley,21.42,62,5.5,6.33,42,0.86,81.79,2
parsley,22.07,56,5.7,6.1,61,0.7,75.39,2
parsley,19.61,66,4.7,6.18,24,0.59,80.07,2
parsley,27.34,59,4.5,5.73,45,0.61,62.15,1
parsley,31.71,63,4.9,5.63,48,0.67,61.63,1
parsley,34.97,64,5.4,6.06,50,0.88,66.4,1
parsley,22.0,52,6.1,6.48,32,0.48,65.59,1
parsley,19.5,67,4.0,6.23,67,0.85,67.9,1
parsley,10.41,62,4.4,6.11,51,1.02,63.5,1
parsley,22.31,67,6.1,6.47,50,0.54,66.0,1
parsley,21.81,64,5.2,6.27,19,1.46,83.48,2
parsley,13.9,59,5.3,5.98,68,1.35,60.17,1
parsley,22.19,61,5.1,5.97,54,0.67,84.86,2
parsley,23.84,62,6.6,5.76,41,0.49,65.96,1
parsley,20.45,58,5.2,6.35,31,0.77,79.55,2
parsley,20.29,66,4.9,6.92,43,1.25,65.21,1
parsley,7.27,68,5.7,6.01,50,1.5,57.92,1
parsley,20.34,57,4.3,6.15,34,0.71,77.89,2
parsley,45.66,53,5.2,6.01,31,1.1,65.77,1
parsley,25.94,70,5.2,5.89,33,0.62,71.28,2
parsley,24.51,55,3.7,6.3,32,0.68,63.98,1
parsley,21.24,51,4.2,6.18,38,0.98,75.76,2
parsley,29.46,58,6.4,5.46,59,0.93,45.92,1
parsley,18.99,58,6.2,5.86,72,0.81,65.58,1
parsley,32.49,58,5.2,6.31,48,1.24,58.77,1
parsley,8.56,70,3.9,6.22,45,0.55,52.43,1
parsley,23.07,64,5.0,6.2,51,1.13,80.2,2
parsley,28.92,55,5.4,6.21,56,0.77,57.88,1
parsley,18.83,73,4.2,5.91,34,0.83,72.02,2
parsley,21.61,61,4.7,6.19,27,0.6,85.74,2
parsley,23.17,56,5.4,6.09,53,1.09,76.11,2
parsley,19.52,57,4.2,6.3,56,1.0,68.88,1
parsley,9.15,69,5.4,5.55,56,1.33,51.18,1
parsley,23.7,59,4.2,5.6,51,0.63,66.86,1
parsley,20.65,68,5.3,5.7,27,0.98,80.85,2
parsley,17.03,68,5.0,6.03,42,0.71,74.75,2
parsley,18.54,64,4.8,5.66,61,1.34,68.51,1
parsley,20.61,72,5.0,5.85,58,1.13,77.17,2
parsley,18.83,53,5.1,5.7,59,1.07,68.67,1
parsley,16.11,67,4.3,6.14,56,0.83,63.93,1
parsley,25.31,60,3.3,5.6,48,1.83,51.11,1
parsley,45.26,57,5.6,5.57,61,1.19,51.02,1
parsley,20.85,54,3.8,5.74,39,1.34,68.68,1
parsley,23.08,55,6.6,5.82,60,0.29,60.3,1
parsley,21.92,54,6.2,5.83,44,0.92,73.8,2
parsley,22.67,61,5.2,6.42,19,0.89,82.61,2
parsley,46.53,62,4.9,5.96,69,0.62,64.32,1
parsley,12.64,72,5.5,6.28,37,0.53,55.7,1
parsley,21.83,67,7.2,6.1,41,0.48,69.02,1
parsley,6.57,65,5.0,5.55,65,1.41,54.42,1
parsley,15.33,74,5.1,5.65,47,0.25,54.47,1
parsley,21.82,66,6.1,5.97,41,0.57,78.55,2
parsley,17.2,59,5.8,6.16,34,0.67,68.83,1
parsley,39.21,46,5.3,5.62,64,0.8,48.75,1
parsley,15.81,67,5.8,6.03,53,0.87,65.36,1
parsley,21.81,64,6.0,5.91,37,0.69,81.0,2
parsley,49.27,54,5.4,6.32,38,0.99,58.42,1
parsley,22.22,51,4.7,6.31,38,1.04,75.09,2
parsley,20.44,51,4.6,5.77,55,1.54,67.97,1
parsley,21.91,60,5.1,5.9,51,0.78,85.08,2
parsley,20.24,68,5.6,6.18,33,1.34,75.83,2
parsley,21.69,59,5.9,6.3,67,0.82,72.77,2
parsley,23.74,56,4.5,6.05,54,0.83,75.37,2
parsley,48.83,47,4.5,5.92,58,0.62,53.35,1
parsley,15.63,61,5.7,5.67,74,1.16,55.98,1
parsley,49.66,58,6.4,6.03,68,0.0,47.37,1
parsley,15.96,57,4.7,5.93,60,0.7,65.55,1
parsley,14.38,69,4.9,6.0,76,0.36,58.18,1
parsley,21.56,56,5.9,5.52,43,1.2,69.91,1
parsley,24.53,66,4.7,5.59,41,0.52,68.79,1
parsley,18.67,58,4.7,5.94,49,1.17,75.35,2
parsley,23.65,63,5.9,6.14,58,0.26,69.01,1
parsley,19.57,49,4.4,5.61,69,0.26,57.25,1
parsley,46.65,54,3.1,6.23,32,0.62,48.38,1
parsley,20.04,55,4.1,6.1,52,1.13,72.0,2
parsley,25.95,67,3.9,6.02,38,0.54,66.6,1
parsley,21.21,58,4.0,5.93,13,1.31,81.99,2
parsley,18.33,50,3.6,5.6,62,0.69,52.86,1
parsley,15.69,57,5.4,5.98,38,1.68,63.87,1
parsley,20.11,66,4.1,5.9,26,1.14,78.85,2
parsley,8.49,66,6.3,5.56,14,0.77,55.93,1
parsley,23.73,62,5.1,5.94,34,0.43,81.8,2
parsley,23.1,64,4.9,6.08,49,1.15,81.93,2
parsley,23.17,63,4.9,6.12,38,0.92,85.28,2
parsley,25.9,59,5.4,6.26,54,1.26,65.13,1
parsley,24.27,55,3.9,6.42,14,0.73,67.19,1
parsley,24.34,60,4.5,5.88,55,1.09,73.49,2
parsley,26.93,57,5.0,6.22,46,1.03,68.04,1
parsley,21.73,59,5.5,6.12,30,0.59,83.51,2
parsley,19.34,68,5.6,6.1,44,1.15,74.61,2
parsley,20.55,58,3.6,6.13,36,0.82,74.82,2
parsley,20.86,61,2.5,5.93,43,1.18,71.37,2
parsley,17.76,65,5.0,5.93,30,0.85,81.0,2
parsley,19.58,59,4.6,5.55,20,0.8,76.25,2
parsley,29.95,69,5.1,6.12,40,1.4,62.12,1
parsley,22.28,60,6.1,5.87,35,0.66,77.59,2
parsley,14.96,57,5.4,5.74,36,0.72,62.31,1
parsley,21.2,53,6.4,5.42,55,0.93,61.93,1
parsley,24.68,56,4.1,6.47,47,0.86,62.7,1
parsley,19.5,65,3.7,6.21,48,1.05,69.59,1
parsley,21.52,61,4.8,5.65,25,1.04,85.21,2
parsley,26.88,64,3.2,5.87,25,1.53,58.21,1
parsley,23.12,59,4.2,6.28,21,0.91,78.09,2
parsley,26.97,61,3.8,5.96,52,0.87,64.75,1
parsley,32.42,62,4.8,6.54,43,1.27,57.15,1
parsley,22.1,74,3.5,6.31,67,1.25,59.85,1
parsley,24.82,54,6.0,5.93,35,1.07,69.26,1
parsley,25.17,63,5.3,6.43,37,1.65,65.95,1
parsley,22.01,53,5.5,5.71,64,0.78,71.63,2
parsley,22.09,61,5.7,5.97,39,1.38,81.06,2
parsley,19.14,61,4.2,6.09,52,0.45,72.14,2
parsley,23.21,58,6.2,6.13,6,0.69,78.06,2
parsley,21.4,57,4.4,5.96,60,0.9,81.11,2
parsley,27.91,58,5.6,5.88,48,0.88,63.92,1
parsley,7.51,60,4.9,5.78,55,0.91,64.1,1
parsley,25.78,67,5.4,6.04,38,0.75,73.69,2
parsley,16.39,68,4.8,6.06,34,0.88,73.57,2
parsley,18.49,54,4.8,6.49,58,1.04,64.17,1
parsley,22.45,56,4.4,5.73,53,1.01,73.74,2
parsley,6.91,69,4.4,5.99,30,0.73,64.98,1
parsley,22.22,62,5.3,6.16,54,1.27,80.11,2
parsley,22.36,65,5.3,5.95,46,0.84,84.63,2
parsley,19.31,60,5.3,6.28,33,0.65,76.81,2
parsley,20.18,62,6.5,5.95,75,1.28,68.01,1
parsley,21.85,69,6.1,6.14,55,0.96,74.38,2
parsley,23.24,58,5.4,6.06,39,0.4,77.46,2
parsley,18.31,68,5.8,5.94,36,0.24,68.89,1
parsley,19.62,69,5.3,5.73,73,1.01,70.0,2
parsley,25.02,55,4.8,5.93,53,1.62,67.71,1
parsley,19.24,60,4.5,5.87,24,0.71,80.11,2
parsley,20.56,58,4.5,6.01,35,1.1,83.16,2
parsley,47.31,66,4.7,6.21,56,0.09,55.37,1
parsley,20.97,52,5.1,5.74,49,0.95,77.65,2
parsley,24.02,55,5.5,5.98,39,0.78,76.65,2
parsley,19.2,54,5.0,5.75,36,1.08,75.83,2
parsley,14.71,64,5.1,5.73,42,0.9,66.55,1
parsley,25.29,57,5.3,6.41,89,0.94,60.25,1
parsley,14.98,60,4.9,6.04,40,1.01,70.74,2
parsley,24.13,69,4.5,6.1,40,0.53,73.09,2
parsley,30.69,57,3.9,5.85,41,0.59,56.03,1
parsley,22.35,60,5.0,5.88,36,0.58,85.0,2
parsley,26.14,66,6.2,5.88,75,1.52,55.58,1
parsley,24.74,56,4.5,5.89,23,0.64,74.89,2
parsley,19.45,60,4.0,5.77,51,0.5,68.71,1
parsley,20.18,65,6.2,6.06,46,1.24,74.03,2
parsley,6.62,73,4.9,5.71,61,0.85,56.57,1
parsley,23.61,53,5.1,6.37,60,0.92,69.95,1
parsley,21.28,69,3.4,6.44,37,1.2,66.0,1
parsley,27.5,55,5.1,5.97,38,1.16,68.51,1
parsley,21.7,64,6.9,5.8,38,0.95,73.53,2
parsley,20.22,59,5.5,6.36,63,0.49,69.38,1
parsley,22.06,56,3.7,5.85,42,0.9,74.75,2
parsley,16.22,65,5.7,6.05,47,0.97,68.75,1
parsley,24.09,70,3.7,5.91,70,0.81,64.13,1
parsley,21.74,63,6.3,5.73,50,0.85,75.11,2
parsley,20.39,64,4.5,6.15,77,1.12,74.51,2
parsley,22.34,65,5.5,6.06,48,1.49,78.23,2
parsley,30.03,57,5.5,5.51,22,0.96,58.98,1
parsley,20.56,63,5.5,5.91,36,1.34,81.8,2
parsley,22.62,63,4.7,5.73,35,0.35,78.43,2
parsley,19.05,54,6.0,5.82,42,1.58,64.13,1
parsley,26.63,56,4.7,6.34,47,1.67,58.14,1
parsley,26.77,55,5.5,6.09,45,1.45,62.81,1
parsley,26.59,61,3.6,5.89,39,1.08,63.86,1
parsley,45.82,64,4.4,6.26,49,0.28,56.07,1
parsley,14.77,74,5.0,6.13,31,0.59,63.52,1
parsley,26.93,60,4.8,6.31,42,1.47,63.54,1
parsley,14.73,70,5.6,5.91,29,0.98,64.36,1
parsley,21.21,71,5.6,5.88,38,1.04,79.67,2
parsley,21.56,58,4.8,6.45,39,0.52,76.96,2
parsley,17.33,68,4.1,6.17,36,1.21,66.05,1
parsley,22.57,60,5.4,6.32,23,1.68,75.71,2
parsley,21.36,64,5.1,5.89,28,0.92,90.92,2
parsley,25.23,62,5.7,6.25,46,1.01,70.21,2
parsley,19.34,56,4.3,6.28,71,1.56,61.75,1
parsley,18.85,63,3.8,5.91,56,0.9,72.0,2
parsley,25.19,64,4.3,6.01,44,0.76,74.61,2
parsley,21.43,70,5.6,6.21,49,1.17,76.18,2
parsley,21.06,59,5.1,6.04,72,0.83,82.51,2
parsley,20.35,71,4.9,6.13,47,1.51,75.35,2
parsley,21.86,57,4.9,5.49,13,0.96,82.05,2
parsley,8.08,73,5.4,5.72,53,0.99,55.52,1
parsley,22.64,58,4.2,6.02,56,0.72,76.81,2
parsley,26.66,62,5.1,6.3,53,0.63,67.12,1
parsley,35.63,57,5.3,6.53,62,0.2,47.68,1
parsley,20.69,71,4.3,5.72,61,1.25,68.65,1
parsley,21.95,67,4.7,6.24,37,1.19,80.38,2
parsley,45.5,61,5.6,6.07,61,0.68,61.2,1
parsley,15.15,55,3.4,5.98,61,1.33,51.21,1
parsley,23.0,57,4.9,6.25,30,1.18,79.33,2
parsley,26.03,60,5.5,5.94,31,0.99,74.69,2
parsley,27.32,55,4.9,5.92,29,1.02,70.69,2
parsley,35.45,57,5.1,6.05,24,0.47,67.37,1
parsley,22.14,58,4.8,5.97,58,0.22,78.04,2
parsley,14.63,62,6.2,6.07,32,0.96,63.84,1
parsley,20.32,63,4.9,6.14,29,0.93,87.7,2
parsley,48.18,54,4.1,5.83,70,1.44,48.58,1
parsley,18.94,68,5.1,5.72,54,1.29,70.79,2
parsley,22.31,73,6.4,6.14,47,0.85,69.84,1
parsley,22.86,59,5.2,6.15,87,1.04,73.85,2
parsley,49.63,51,5.9,5.89,76,1.25,48.57,1
parsley,25.69,54,5.1,5.94,62,0.53,67.56,1
parsley,21.37,70,5.1,5.91,59,0.16,76.58,2
parsley,23.56,62,3.7,5.89,51,0.85,72.95,2
parsley,23.64,58,5.1,5.78,57,0.54,73.54,2
parsley,14.65,64,4.8,5.55,38,1.37,58.78,1
parsley,37.19,53,4.5,5.84,48,0.75,58.1,1
parsley,22.57,63,4.8,5.4,40,1.49,71.56,2
parsley,42.91,55,5.8,5.87,66,1.81,48.32,1
parsley,22.35,55,3.8,6.05,40,0.57,73.65,2
parsley,23.33,63,5.1,6.09,32,0.65,84.5,2
parsley,22.99,56,5.4,6.09,50,0.61,76.29,2
parsley,24.2,63,4.8,5.8,45,1.41,74.74,2
parsley,38.72,64,5.5,6.68,67,0.83,50.0,1
parsley,20.51,63,6.5,5.53,56,0.38,62.55,1
parsley,22.29,68,4.9,6.25,69,1.05,75.94,2
parsley,24.71,61,5.3,6.23,71,0.75,70.0,2
parsley,19.25,66,5.3,6.15,48,0.73,76.8,2
parsley,26.79,61,4.7,5.73,49,0.59,65.59,1
parsley,19.57,60,4.6,6.07,59,0.6,76.25,2
parsley,12.08,62,4.5,5.99,37,1.4,65.42,1
parsley,21.51,59,4.9,6.1,44,0.44,83.95,2
parsley,20.52,73,5.4,6.05,64,1.0,75.4,2
parsley,22.63,70,5.1,5.99,29,1.03,85.4,2
parsley,23.86,54,5.4,6.14,54,1.12,71.52,2
parsley,26.55,64,4.9,5.76,48,1.42,66.79,1
parsley,22.68,53,5.3,5.95,44,0.95,79.93,2
parsley,26.28,63,4.2,6.06,16,1.07,74.76,2
parsley,34.16,53,5.1,6.46,75,0.75,50.6,1
parsley,27.05,59,6.3,5.93,62,1.62,54.56,1
parsley,33.7,53,6.0,5.61,45,1.13,49.58,1
parsley,18.36,65,4.5,5.64,59,0.71,67.16,1
parsley,46.83,54,5.3,5.89,41,1.01,62.7,1
parsley,22.23,53,3.6,5.97,26,0.99,76.03,2
parsley,24.32,68,5.2,5.82,66,0.95,72.13,2
parsley,47.45,55,5.7,5.81,52,1.02,56.78,1
parsley,21.38,66,6.6,6.17,42,0.36,70.66,2
parsley,21.43,67,3.5,5.95,23,0.98,80.35,2
parsley,48.51,50,5.4,6.18,66,0.78,53.9,1
parsley,19.81,60,3.4,5.92,30,1.06,73.74,2
parsley,39.85,65,3.7,6.63,63,0.78,44.65,0
parsley,13.87,56,3.0,5.9,46,0.89,51.35,1
parsley,5.58,65,4.1,6.32,73,0.45,49.43,1
parsley,20.85,50,5.5,6.28,42,0.62,71.96,2
parsley,21.74,76,4.6,6.05,54,0.4,74.05,2
parsley,27.83,55,5.1,6.17,46,1.07,64.18,1
parsley,23.55,74,5.0,6.07,51,0.74,76.01,2
parsley,19.31,70,4.9,6.02,37,1.62,75.93,2
parsley,30.94,65,5.0,6.1,59,0.11,60.08,1
parsley,23.26,67,5.7,5.84,73,0.86,71.32,2
parsley,23.23,69,4.2,6.49,35,0.4,65.36,1
parsley,20.75,50,4.2,5.69,55,0.64,66.82,1
parsley,9.91,56,4.6,6.1,52,0.76,61.27,1
parsley,18.05,73,5.2,6.08,48,0.98,72.08,2
parsley,20.09,69,3.9,6.06,73,0.69,68.7,1
parsley,23.0,61,3.7,6.11,51,0.24,68.86,1
parsley,15.65,63,5.0,5.6,34,1.09,67.74,1
parsley,24.14,75,4.4,6.14,75,1.16,62.99,1
parsley,22.69,58,4.6,5.81,45,1.41,75.35,2
mint,19.74,67,5.3,6.09,47,0.79,79.05,2
mint,21.18,82,4.5,6.22,53,0.85,68.84,1
mint,19.82,71,6.7,6.43,43,1.28,62.81,1
mint,23.01,68,4.6,5.93,54,0.56,82.64,2
mint,24.84,75,6.0,5.74,44,1.04,71.08,2
mint,22.17,65,5.4,5.99,60,1.34,83.17,2
mint,23.3,62,5.3,6.07,51,1.43,82.85,2
mint,22.08,80,5.3,6.1,16,1.53,81.79,2
mint,24.94,59,4.4,5.63,51,0.48,66.46,1
mint,24.93,75,4.6,5.96,25,1.9,79.47,2
mint,26.2,65,5.4,5.77,46,1.48,75.39,2
mint,28.33,59,5.8,5.94,34,1.1,70.98,2
mint,49.95,62,4.0,5.71,60,1.58,51.42,1
mint,23.52,70,5.1,5.55,56,1.29,78.19,2
mint,37.22,60,5.0,6.41,30,0.72,59.5,1
mint,24.74,71,4.5,5.64,37,1.22,77.42,2
mint,23.45,72,6.1,6.48,62,1.52,66.63,1
mint,6.38,77,5.3,5.88,55,1.43,59.41,1
mint,12.53,71,4.7,5.66,22,0.89,63.39,1
mint,22.22,68,4.5,5.97,45,1.26,86.21,2
mint,49.18,56,4.4,6.16,31,1.48,58.69,1
mint,31.38,61,3.1,6.39,39,1.38,49.93,1
mint,21.23,60,3.9,6.26,35,0.94,71.28,2
mint,24.59,56,2.2,5.43,47,1.35,55.06,1
mint,27.81,66,5.7,6.0,31,1.72,76.02,2
mint,22.07,84,5.2,6.05,59,0.79,73.74,2
mint,20.63,68,5.8,6.48,34,0.85,71.73,2
mint,22.03,72,4.5,5.8,53,1.53,77.07,2
mint,25.13,65,6.5,6.35,66,1.59,62.99,1
mint,23.6,70,4.8,5.85,51,1.23,84.45,2
mint,21.52,74,5.5,6.3,56,1.11,73.87,2
mint,28.24,64,5.6,6.12,52,1.43,70.76,2
mint,23.86,61,4.8,6.1,62,1.49,79.15,2
mint,19.85,63,3.9,6.4,44,1.2,67.71,1
mint,23.26,67,4.1,6.1,45,1.33,82.42,2
mint,21.96,72,4.7,5.55,52,1.26,75.28,2
mint,23.05,65,4.6,6.04,44,1.92,83.06,2
mint,21.92,61,5.0,6.39,26,1.54,79.86,2
mint,21.77,62,4.4,5.73,8,1.16,82.81,2
mint,21.06,66,5.7,6.35,68,1.09,71.4,2
mint,28.34,59,6.2,6.36,42,0.89,59.36,1
mint,28.67,77,4.4,6.02,64,1.49,66.01,1
mint,6.1,70,3.3,5.93,46,1.35,56.05,1
mint,16.0,63,3.7,5.73,52,0.62,56.21,1
mint,15.66,73,3.6,6.0,68,1.06,59.77,1
mint,20.93,71,5.5,6.41,33,1.27,76.09,2
mint,19.45,67,5.0,5.85,73,0.89,75.98,2
mint,23.56,75,4.8,6.11,59,0.82,78.86,2
mint,22.47,67,4.4,6.3,35,1.66,79.66,2
mint,20.72,72,4.4,5.89,55,1.92,72.74,2
mint,17.6,70,6.2,5.58,17,1.21,67.52,1
mint,26.1,67,4.6,5.97,38,0.93,82.13,2
mint,26.81,62,5.4,5.89,69,1.47,71.15,2
mint,19.9,65,5.1,6.07,32,0.72,82.03,2
mint,16.93,66,5.7,6.42,64,1.07,62.26,1
mint,9.22,67,4.2,5.74,60,1.33,58.09,1
mint,21.66,71,3.6,5.93,50,0.94,73.69,2
mint,12.65,69,4.3,5.79,42,1.3,62.3,1
mint,22.73,74,6.1,5.65,42,1.06,72.72,2
mint,9.29,72,4.6,5.92,49,0.75,62.05,1
mint,6.29,73,4.9,5.88,47,1.63,63.34,1
mint,28.05,79,4.7,5.81,40,1.72,67.3,1
mint,23.56,75,5.5,5.66,60,0.91,72.42,2
mint,44.06,62,5.1,6.45,46,0.66,56.22,1
mint,7.0,81,5.3,6.12,60,1.36,56.65,1
mint,26.77,77,5.6,5.59,74,1.5,60.34,1
mint,22.71,65,4.7,6.52,47,1.32,77.0,2
mint,14.35,58,5.2,6.26,49,1.09,61.77,1
mint,24.81,57,5.2,6.23,9,1.49,80.73,2
mint,15.09,66,6.3,5.97,39,1.83,62.75,1
mint,24.42,69,4.6,5.97,36,1.43,85.46,2
mint,35.57,58,6.1,5.68,59,1.16,49.96,1
mint,23.32,62,4.8,6.0,58,1.15,84.97,2
mint,17.54,71,5.2,6.17,69,1.22,70.91,2
mint,23.26,70,4.4,5.92,22,1.18,88.23,2
mint,21.15,61,3.8,6.34,31,1.36,70.64,2
mint,21.51,68,3.5,6.33,50,1.88,66.62,1
mint,27.11,65,4.9,6.35,49,0.43,69.88,1
mint,23.41,78,4.6,5.62,18,1.17,79.21,2
mint,28.68,59,5.5,5.79,52,1.3,66.65,1
mint,22.5,70,4.6,5.86,39,1.43,84.02,2
mint,38.01,62,7.2,5.92,48,1.24,52.17,1
mint,49.43,58,4.8,6.03,99,1.05,55.42,1
mint,47.22,58,5.2,6.01,70,1.08,60.65,1
mint,29.97,69,5.1,6.12,51,0.99,72.54,2
mint,22.79,69,4.9,5.99,6,0.95,95.21,2
mint,22.78,66,6.5,5.62,37,0.75,71.08,2
mint,34.12,66,4.1,5.86,63,0.83,57.16,1
mint,23.63,62,7.3,6.24,52,0.89,65.38,1
mint,17.26,75,4.9,5.51,34,0.86,65.91,1
mint,25.32,74,6.1,6.38,46,1.23,68.06,1
mint,36.07,62,5.4,6.12,51,0.95,61.58,1
mint,19.79,72,5.5,6.02,55,1.44,76.43,2
mint,23.04,67,5.0,5.89,53,0.34,83.56,2
mint,22.75,69,4.7,6.0,53,1.06,87.0,2
mint,20.64,67,6.6,5.8,42,1.3,71.63,2
mint,21.41,62,5.3,5.62,54,1.06,74.16,2
mint,29.47,66,4.6,5.95,62,1.03,71.18,2
mint,29.07,63,6.1,6.05,29,0.63,67.71,1
mint,31.76,63,4.0,6.38,52,1.2,56.36,1
mint,32.51,63,5.0,5.86,64,1.25,64.93,1
mint,24.47,75,4.1,5.91,65,1.25,73.3,2
mint,22.87,61,4.9,6.31,71,0.99,76.22,2
mint,22.35,66,4.9,6.05,16,1.77,89.93,2
mint,28.22,72,5.3,5.94,38,1.73,74.02,2
mint,21.21,58,5.7,6.29,35,0.9,72.19,2
mint,28.77,63,6.5,6.05,47,1.72,62.74,1
mint,31.02,72,6.0,6.09,37,1.56,63.79,1
mint,23.48,67,4.0,5.88,76,0.94,75.06,2
mint,21.21,66,5.5,5.82,42,0.64,77.95,2
mint,23.06,61,5.4,5.41,33,1.25,75.59,2
mint,25.53,71,6.0,5.92,42,1.2,77.02,2
mint,23.13,63,4.3,6.13,38,1.45,81.55,2
mint,25.24,65,5.8,6.13,44,1.4,77.13,2
mint,29.65,71,6.6,5.9,46,0.65,59.8,1
mint,43.39,62,4.7,5.78,50,0.36,56.8,1
mint,23.26,67,4.4,6.11,53,1.14,83.62,2
mint,23.56,70,4.4,5.83,18,0.61,82.91,2
mint,24.61,67,4.5,6.24,44,0.85,78.7,2
mint,22.1,73,5.4,6.12,41,1.41,81.63,2
mint,25.31,67,3.3,5.88,41,1.04,72.37,2
mint,42.53,64,3.9,5.66,70,1.45,50.09,1
mint,22.41,65,6.3,5.65,63,1.1,69.87,1
mint,48.25,60,4.6,5.87,68,1.24,58.77,1
mint,21.37,56,5.2,6.1,31,1.52,79.38,2
mint,22.82,71,4.9,5.67,33,1.26,84.53,2
mint,39.09,65,4.3,6.18,62,1.33,58.92,1
mint,18.07,63,4.4,5.81,56,1.28,69.68,1
mint,17.67,71,4.5,6.05,56,0.8,71.03,2
mint,26.59,66,5.2,5.96,40,1.46,81.59,2
mint,28.01,61,3.7,6.25,40,0.59,61.12,1
mint,23.21,52,5.3,5.81,40,1.29,77.27,2
mint,24.02,68,5.7,5.64,44,1.25,77.86,2
mint,18.6,74,4.9,5.84,63,1.24,73.02,2
mint,11.86,65,5.3,6.36,74,0.74,54.33,1
mint,23.76,57,5.4,5.94,28,1.16,83.25,2
mint,23.4,68,4.4,5.97,47,1.32,85.53,2
mint,19.02,62,6.1,5.92,36,1.03,72.07,2
mint,20.67,66,5.4,5.86,63,1.44,77.06,2
mint,20.08,74,4.9,5.67,25,1.01,77.72,2
mint,23.93,68,4.9,5.72,49,0.67,80.34,2
mint,14.34,67,4.3,6.19,63,1.48,61.5,1
mint,17.46,62,5.1,6.13,42,1.01,74.36,2
mint,28.25,59,5.8,5.94,43,0.56,66.32,1
mint,9.7,73,5.2,5.85,54,0.65,60.12,1
mint,22.48,62,4.1,6.06,48,0.51,75.72,2
mint,22.25,66,4.1,5.72,31,0.98,78.91,2
mint,19.52,73,5.0,5.93,47,1.56,78.57,2
mint,25.12,62,4.3,6.21,42,1.44,74.79,2
mint,19.39,70,4.2,6.05,42,1.63,74.87,2
mint,22.56,69,5.1,6.14,46,1.02,86.19,2
mint,22.48,71,5.6,6.26,53,1.17,78.49,2
mint,25.11,57,5.1,6.05,47,0.78,77.59,2
mint,19.08,72,3.9,5.86,31,1.12,72.95,2
mint,24.73,61,5.6,5.86,39,0.44,74.35,2
mint,15.38,62,5.4,5.94,26,1.51,71.16,2
mint,22.49,59,4.7,6.13,54,1.47,78.7,2
mint,25.63,71,4.3,5.88,55,1.4,74.94,2
mint,24.22,69,5.1,6.46,65,1.4,75.06,2
mint,29.25,61,5.9,6.18,60,1.77,60.09,1
mint,33.26,63,5.9,5.84,88,0.73,50.33,1
mint,21.91,73,5.6,6.38,46,1.12,74.56,2
mint,26.88,77,5.5,5.54,54,0.87,62.89,1
mint,12.95,74,5.0,6.29,73,1.2,58.62,1
mint,24.16,57,4.5,6.09,25,0.71,78.77,2
mint,29.77,73,6.5,5.94,43,1.55,61.64,1
mint,26.43,66,5.3,5.98,39,0.93,81.66,2
mint,46.56,52,5.5,5.84,76,1.51,49.65,1
mint,40.96,49,4.9,6.27,69,1.53,49.65,1
mint,27.47,65,4.4,5.68,36,1.01,71.71,2
mint,24.5,61,6.3,6.0,66,1.93,68.23,1
mint,22.68,62,4.8,5.86,45,1.11,84.0,2
mint,34.05,59,5.2,5.59,47,1.04,56.68,1
mint,36.31,61,4.8,6.17,42,1.95,59.79,1
mint,22.28,72,4.7,5.9,38,0.98,84.16,2
mint,7.94,76,4.8,5.74,60,1.19,58.54,1
mint,17.51,74,5.5,6.01,0,1.39,79.98,2
mint,18.16,60,5.6,5.86,66,1.01,66.77,1
mint,24.46,74,4.6,5.66,50,1.29,74.82,2
mint,15.6,76,3.9,6.04,54,0.79,59.85,1
mint,23.05,72,4.3,5.99,13,1.01,88.48,2
mint,20.96,66,5.0,6.01,51,0.81,84.22,2
mint,18.68,76,5.3,6.18,50,0.84,70.16,2
mint,23.63,64,3.2,5.76,54,1.46,68.08,1
mint,22.6,68,5.9,6.37,45,1.06,76.67,2
mint,38.74,52,4.7,6.41,61,1.6,47.99,1
mint,21.8,80,4.9,5.72,32,1.21,78.57,2
mint,21.67,79,6.0,6.49,33,1.06,66.98,1
mint,20.91,66,5.9,5.99,38,1.35,80.95,2
mint,22.84,66,6.1,6.17,52,1.19,78.75,2
mint,15.8,72,5.2,5.61,40,1.07,66.39,1
mint,22.54,72,5.4,5.96,58,0.18,76.92,2
mint,22.3,60,4.3,6.24,39,0.78,75.19,2
mint,18.97,81,3.8,5.98,54,1.31,65.11,1
mint,22.18,59,5.5,5.67,42,1.4,74.94,2
mint,22.61,65,4.4,6.35,43,1.1,78.72,2
mint,25.78,67,4.6,5.81,59,1.26,77.52,2
mint,17.57,69,5.8,5.86,73,0.87,65.7,1
mint,19.45,63,4.7,5.63,50,1.23,72.36,2
mint,19.69,70,4.5,5.86,31,1.3,79.75,2
mint,21.41,59,4.5,6.09,46,0.62,75.19,2
mint,30.44,64,4.5,6.11,69,0.89,64.09,1
mint,14.39,62,4.7,6.3,43,1.45,62.79,1
mint,29.94,73,6.6,5.94,22,1.61,63.54,1
mint,6.4,78,3.8,6.24,68,1.72,45.77,1
mint,26.76,66,4.5,6.13,20,0.72,79.03,2
mint,18.15,72,6.1,5.84,49,1.27,67.87,1
mint,9.13,76,4.3,5.84,54,1.78,54.18,1
mint,20.29,81,4.9,5.95,70,1.35,72.59,2
mint,26.81,60,4.6,5.89,48,0.79,72.44,2
mint,24.83,73,5.3,5.72,21,1.35,80.89,2
mint,22.32,84,5.3,6.17,62,1.0,71.92,2
mint,24.8,69,6.5,6.18,47,0.96,71.63,2
mint,14.94,72,4.4,6.08,55,1.19,66.22,1
mint,24.17,58,5.7,5.99,23,1.3,82.21,2
mint,24.91,68,5.1,6.08,37,1.4,86.36,2
mint,10.25,66,6.0,5.96,51,0.77,59.95,1
mint,24.66,67,6.5,6.12,42,1.0,74.76,2
mint,20.56,63,5.3,5.83,64,1.27,76.09,2
mint,19.42,61,5.0,6.2,28,1.05,79.52,2
mint,8.39,77,3.3,5.83,60,1.06,47.68,1
mint,29.42,65,4.6,6.02,45,1.09,74.37,2
mint,22.07,67,5.7,5.89,40,1.31,83.3,2
mint,23.16,74,5.2,6.4,53,0.9,75.92,2
mint,26.16,74,5.5,5.58,64,1.24,67.14,1
mint,25.47,75,4.9,6.0,23,0.86,84.0,2
mint,33.26,60,4.4,6.02,44,1.82,59.69,1
mint,19.57,58,4.8,5.76,44,1.16,73.85,2
mint,24.99,61,3.9,6.22,44,0.88,70.43,2
mint,24.68,75,5.4,6.14,53,1.39,76.67,2
mint,24.49,66,5.9,5.75,51,1.73,72.9,2
mint,41.5,60,4.2,6.04,65,1.45,56.74,1
mint,11.42,73,7.5,6.19,34,1.1,51.83,1
mint,24.07,70,4.9,5.78,48,0.97,82.09,2
mint,28.71,67,4.2,5.69,55,1.4,66.03,1
mint,27.87,59,5.4,5.88,61,0.37,64.81,1
mint,25.24,68,6.7,5.99,36,0.75,73.7,2
mint,20.78,56,4.3,5.75,39,0.57,68.23,1
mint,20.2,63,5.5,6.04,35,1.58,79.17,2
mint,26.59,65,6.2,6.17,51,1.09,70.07,2
mint,19.09,72,5.0,6.16,29,1.5,79.77,2
mint,18.16,67,4.7,6.22,41,1.42,75.44,2
mint,19.85,58,6.8,6.21,55,0.98,60.13,1
mint,35.54,73,4.4,5.94,84,1.89,53.25,1
mint,18.93,64,6.0,6.06,35,1.34,74.59,2
mint,22.21,74,4.9,5.76,52,1.53,78.59,2
mint,47.79,66,5.7,6.0,81,1.38,59.77,1
mint,21.56,71,4.7,6.28,54,1.18,78.4,2
mint,47.86,56,4.5,6.06,52,1.07,59.02,1
mint,24.84,76,4.8,5.99,46,0.49,77.72,2
mint,21.54,55,4.8,5.45,57,1.43,66.52,1
mint,20.5,65,5.6,6.02,55,1.03,78.74,2
mint,28.95,71,3.9,5.9,26,0.56,67.59,1
mint,15.57,66,4.8,5.77,85,1.45,62.98,1
mint,30.1,54,4.6,5.51,38,0.87,56.76,1
mint,24.13,74,4.9,6.26,25,0.98,82.52,2
mint,28.55,60,5.3,5.82,30,0.72,70.75,2
mint,27.97,63,5.3,6.09,39,1.09,76.38,2
mint,19.0,68,6.2,6.17,44,1.2,72.26,2
mint,32.89,68,4.5,6.21,34,0.72,63.53,1
mint,24.09,59,3.7,6.15,48,1.4,71.04,2
mint,25.42,64,5.3,5.63,56,1.6,71.95,2
mint,25.13,58,5.4,6.22,42,1.36,74.92,2
mint,22.27,68,4.6,6.04,28,0.77,87.27,2
mint,26.51,75,5.3,5.89,40,1.5,75.75,2
mint,23.93,69,7.0,5.75,57,1.09,67.43,1
mint,26.11,58,4.3,6.23,38,1.08,71.4,2
mint,44.37,75,5.3,5.6,37,1.56,57.08,1
mint,21.44,64,3.3,6.03,63,1.07,70.54,2
mint,13.68,68,5.1,5.91,48,1.72,67.58,1
mint,22.69,68,5.2,5.97,51,1.62,86.2,2
mint,24.1,64,5.5,6.11,38,1.14,83.3,2
mint,22.69,58,4.9,6.02,42,1.4,84.56,2
mint,26.52,73,5.1,5.71,46,1.39,74.56,2
mint,19.75,59,4.8,6.12,32,1.08,78.63,2
mint,25.37,58,5.9,6.25,51,0.99,68.34,1
mint,25.21,71,5.7,6.44,50,0.61,67.74,1
mint,17.19,67,5.1,6.15,37,1.44,76.91,2
mint,8.39,77,4.3,5.94,59,0.78,55.79,1
mint,48.25,66,3.9,6.22,67,1.2,55.73,1
mint,23.72,65,4.8,6.37,84,1.32,73.97,2
mint,14.71,75,4.6,5.98,34,1.31,69.39,1
mint,23.54,73,6.1,6.08,23,1.09,81.4,2
mint,25.09,70,4.2,6.29,37,0.89,74.66,2
mint,8.54,81,3.1,5.77,35,0.65,44.01,0
mint,29.26,66,5.0,6.21,64,1.19,72.08,2
mint,23.69,62,4.9,6.54,44,0.88,74.73,2
mint,23.09,75,4.3,5.53,54,0.49,67.59,1
mint,20.8,63,5.9,6.24,49,1.13,73.07,2
mint,49.54,67,4.8,6.01,71,1.38,65.52,1
mint,35.7,69,5.6,5.81,27,0.34,61.1,1
mint,30.28,71,5.4,6.29,47,0.5,62.64,1
mint,27.8,65,6.0,5.74,53,1.4,66.47,1
mint,22.35,69,5.3,6.49,32,0.98,79.25,2
mint,20.43,66,5.3,5.8,25,0.87,81.65,2
mint,40.5,61,4.5,6.04,40,1.64,62.4,1
mint,20.72,67,4.5,6.22,47,0.81,77.03,2
mint,24.22,74,5.7,5.77,64,1.65,70.76,2
mint,42.77,52,5.0,5.83,45,1.0,58.85,1
mint,13.26,63,4.7,5.9,57,1.37,63.39,1
mint,23.19,50,5.5,5.89,48,1.15,75.18,2
mint,24.65,66,5.4,6.08,41,1.14,84.27,2
mint,18.46,72,5.7,5.89,18,1.62,75.27,2
mint,23.27,61,4.7,6.29,27,1.36,82.19,2
mint,20.09,68,4.6,6.01,30,0.9,84.01,2
mint,25.81,64,6.4,5.99,53,1.11,72.54,2
mint,23.04,62,5.1,6.09,24,1.22,90.11,2
mint,33.39,67,5.2,6.03,42,1.21,70.82,2
mint,23.61,58,6.1,6.41,24,1.28,72.29,2
mint,12.75,75,5.2,6.67,46,1.26,52.87,1
mint,15.67,68,6.4,6.09,36,1.55,64.79,1
mint,31.25,76,4.2,5.78,69,0.83,54.65,1
mint,28.53,70,5.8,6.31,53,1.0,65.51,1
mint,20.06,68,5.8,5.4,17,1.83,69.16,1
mint,26.09,74,4.8,5.64,36,1.1,74.83,2
mint,21.69,71,6.3,6.17,24,0.62,74.67,2
mint,24.88,59,4.7,6.53,40,1.33,71.08,2
mint,27.67,69,6.2,6.05,27,1.17,75.25,2
mint,24.42,63,5.4,5.81,49,1.23,79.63,2
mint,24.9,65,5.3,5.58,30,1.15,78.94,2
mint,42.2,56,5.9,6.19,42,1.33,55.02,1
mint,32.53,63,5.8,5.99,29,1.0,66.15,1
mint,18.68,72,4.5,5.59,65,1.86,62.18,1
mint,21.42,69,4.6,5.45,37,1.3,75.39,2
mint,28.42,63,4.1,5.97,52,1.9,66.41,1
mint,23.92,60,5.1,6.16,40,1.02,82.18,2
mint,28.37,82,4.7,5.78,37,0.85,65.8,1
mint,24.76,61,4.8,6.02,66,1.09,79.43,2
mint,47.16,60,4.4,6.04,40,0.99,62.49,1
mint,8.04,66,4.8,6.16,59,1.35,64.02,1
mint,23.83,69,5.7,5.76,41,1.07,80.02,2
mint,17.67,63,4.9,5.57,56,1.38,67.21,1
mint,23.35,73,5.6,5.66,62,0.88,72.78,2
mint,16.04,61,6.7,5.97,48,1.01,59.96,1
mint,34.17,68,4.8,6.15,49,1.22,67.23,1
mint,21.62,61,5.4,5.7,41,0.36,72.53,2
mint,27.85,65,5.2,6.08,51,1.34,76.66,2
mint,29.75,54,4.3,6.37,23,1.2,62.07,1
mint,24.23,65,5.2,6.4,30,1.02,80.61,2
mint,24.71,75,4.7,5.93,36,1.07,81.86,2
mint,23.83,66,5.5,6.62,51,0.93,71.44,2
mint,21.01,65,5.9,5.77,21,1.12,79.31,2
mint,22.42,74,5.2,5.95,34,1.11,86.44,2
mint,22.43,59,5.4,6.09,69,1.42,76.54,2
mint,20.35,77,5.3,5.78,47,1.25,74.52,2
mint,30.0,75,5.6,5.8,61,1.01,62.05,1
mint,34.53,69,5.6,6.37,51,0.62,55.42,1
mint,22.99,75,4.3,6.0,46,0.82,80.49,2
mint,10.55,64,4.3,6.04,75,1.27,59.41,1
mint,23.61,70,4.3,6.31,79,1.3,72.57,2
mint,22.55,74,4.1,5.88,38,1.48,78.22,2
mint,22.84,59,3.4,5.86,44,0.96,71.24,2
mint,18.58,75,5.5,6.29,54,1.07,67.66,1
mint,25.3,68,3.0,6.29,75,1.03,61.24,1
mint,8.36,68,4.8,6.38,51,1.62,59.82,1
mint,21.94,56,5.4,5.88,50,1.19,77.52,2
mint,22.86,67,4.7,5.78,23,0.84,86.84,2
mint,30.3,65,5.0,6.13,45,1.85,70.04,2
mint,23.46,71,5.6,5.72,33,0.47,77.04,2
mint,18.01,62,4.8,6.06,24,1.5,78.31,2
mint,23.54,57,5.0,6.02,44,1.17,84.99,2
mint,20.81,69,4.4,5.73,61,0.87,73.0,2
mint,15.23,71,5.6,5.82,48,0.26,60.71,1
mint,22.01,65,5.1,6.8,35,0.96,72.67,2
mint,37.28,65,5.5,5.74,45,1.4,61.1,1
mint,43.99,66,3.9,5.89,41,0.93,60.4,1
mint,19.55,76,5.0,6.28,61,1.59,70.2,2
mint,32.23,73,4.8,5.69,55,0.28,55.99,1
mint,25.72,59,5.9,5.76,10,1.03,75.25,2
mint,21.01,71,4.5,6.28,39,0.91,76.52,2
mint,36.36,60,3.8,5.92,70,1.58,51.32,1
mint,25.0,61,5.0,5.51,66,1.55,69.55,1
mint,7.9,70,4.1,5.62,25,0.92,58.4,1
mint,13.22,71,4.6,5.95,59,1.17,64.71,1
mint,24.74,65,5.0,6.08,76,1.46,79.64,2
mint,42.95,63,4.5,6.45,77,0.64,48.73,1
mint,20.88,62,5.8,6.17,31,1.73,74.79,2
mint,22.8,60,4.7,6.31,50,1.1,78.03,2
mint,22.13,63,5.8,5.58,38,0.86,72.95,2
mint,23.24,62,5.3,5.95,43,1.69,83.03,2
mint,31.42,65,6.5,6.14,41,1.17,60.86,1
mint,43.42,61,5.3,5.97,36,1.28,66.99,1
mint,25.56,63,4.2,6.22,89,1.0,66.29,1
mint,33.79,59,4.5,5.91,28,1.31,64.18,1
mint,24.38,64,5.7,6.39,64,1.4,70.6,2
mint,26.21,71,5.1,6.21,54,1.56,75.64,2
mint,22.94,70,4.9,6.31,56,1.51,80.53,2
mint,49.81,56,5.9,5.97,57,0.81,54.19,1
mint,14.57,71,4.5,5.95,60,1.94,62.07,1
mint,19.2,65,3.8,6.0,65,0.8,69.0,1
mint,23.33,60,5.6,6.09,65,0.78,75.52,2
mint,26.79,64,5.9,5.82,56,0.65,67.57,1
mint,23.92,63,4.3,6.38,25,1.22,78.48,2
mint,20.24,68,4.8,6.17,41,1.13,82.28,2
mint,24.03,71,4.8,5.95,46,1.39,84.79,2
mint,13.78,67,4.4,6.06,44,1.68,65.52,1
mint,24.13,63,4.7,5.93,48,1.12,83.21,2
mint,6.9,67,4.8,6.42,82,0.59,52.87,1
mint,25.32,60,4.4,6.03,42,1.1,78.41,2
mint,41.69,62,4.4,6.24,42,1.21,60.62,1
mint,24.29,57,3.9,6.29,53,0.79,66.03,1
mint,37.84,57,4.0,6.07,71,1.72,50.19,1
mint,23.85,65,5.6,5.59,37,1.22,78.05,2
mint,31.23,64,5.4,5.31,41,1.34,57.2,1
mint,26.14,70,6.0,5.5,60,1.37,64.06,1
mint,22.76,64,4.3,6.37,56,1.98,70.94,2
mint,44.57,59,5.3,5.81,56,1.18,59.76,1
mint,25.66,65,5.0,5.97,22,0.9,87.19,2
mint,21.75,65,4.2,6.19,37,0.37,75.09,2
mint,27.7,65,4.7,6.16,79,0.97,69.57,1
mint,23.65,65,5.2,6.12,40,1.22,86.77,2
mint,23.81,63,4.7,6.1,16,1.39,87.68,2
mint,21.51,62,3.7,6.0,70,1.28,72.27,2
mint,49.8,52,5.7,6.0,45,1.78,54.62,1
mint,23.73,61,5.6,6.26,45,1.17,77.55,2
mint,24.3,74,5.1,5.86,35,1.38,83.23,2
mint,21.67,77,5.1,6.03,43,1.83,79.47,2
mint,23.25,57,5.0,6.18,49,0.9,79.89,2
mint,21.86,73,4.6,5.91,49,0.79,79.22,2
mint,31.65,64,5.3,5.88,51,1.57,65.48,1
mint,38.52,64,5.3,5.93,58,0.87,62.91,1
mint,44.82,66,5.8,6.01,51,1.19,64.68,1
mint,21.31,69,4.8,5.64,75,1.03,73.96,2
mint,22.6,72,5.8,6.03,53,1.35,80.48,2
mint,47.11,59,5.0,6.05,60,0.77,61.61,1
mint,14.81,62,5.8,6.5,33,1.6,56.54,1
mint,18.12,74,5.2,6.15,48,1.44,72.66,2
mint,17.71,80,4.4,5.95,45,1.47,67.53,1
mint,6.0,66,4.2,5.63,64,0.73,52.52,1
mint,27.57,77,4.3,6.1,22,1.04,73.39,2
mint,18.41,65,4.9,6.31,51,1.46,72.59,2
mint,25.13,70,3.8,5.95,43,1.07,76.55,2
mint,42.68,59,4.2,5.31,6,1.35,53.2,1
mint,24.07,64,4.5,5.78,41,1.15,80.74,2
mint,18.8,70,6.2,5.93,78,1.39,66.03,1
mint,25.7,76,5.9,6.09,69,1.16,69.66,1
mint,17.89,73,4.4,6.03,53,1.04,71.9,2
mint,31.69,68,6.0,5.86,57,0.66,59.53,1
mint,18.97,58,4.8,5.44,28,1.53,67.0,1
mint,24.55,70,4.2,6.39,13,0.99,78.21,2
mint,43.13,58,5.3,5.89,58,1.47,58.88,1
mint,12.52,77,4.0,5.52,62,1.37,46.22,1
mint,24.46,66,5.5,6.27,36,1.25,80.96,2
mint,15.27,64,4.3,5.86,57,0.97,63.83,1
mint,28.3,63,5.3,5.37,58,1.49,60.76,1
mint,20.59,60,4.8,5.51,53,1.34,70.02,2
mint,22.35,63,5.6,6.26,45,0.78,76.48,2
mint,22.44,56,5.5,5.71,65,1.71,68.84,1
mint,24.4,65,4.9,6.18,62,1.09,80.74,2
mint,38.03,59,4.6,5.77,58,1.6,55.52,1
mint,21.81,51,6.2,5.92,15,1.56,72.47,2
mint,28.13,68,5.2,5.92,46,1.2,78.98,2
mint,47.76,64,6.1,6.15,46,1.36,58.29,1
mint,23.38,66,4.8,6.19,40,1.58,84.26,2
mint,21.75,65,6.3,6.24,47,0.97,72.49,2
mint,29.01,69,6.3,6.19,50,0.93,63.84,1
mint,22.6,62,6.3,5.93,82,1.22,71.5,2
mint,25.39,72,4.9,5.88,49,0.94,79.9,2
mint,20.79,74,3.7,6.14,62,0.98,67.84,1
mint,26.09,66,5.8,6.1,8,0.72,80.64,2
mint,41.94,67,6.0,5.99,74,1.51,58.22,1
mint,22.58,68,4.3,5.93,47,0.69,81.5,2
mint,25.86,67,5.2,6.11,43,1.31,82.71,2
mint,22.71,60,3.3,6.34,20,0.77,69.48,1
mint,24.38,67,5.7,6.08,32,1.26,84.59,2
mint,22.68,70,5.8,5.97,61,1.68,78.5,2
mint,21.86,68,6.6,6.03,71,1.0,72.21,2
mint,36.06,59,6.0,5.93,45,1.69,55.74,1
mint,22.07,65,5.4,5.9,45,1.6,81.94,2
mint,20.68,56,4.8,5.8,53,0.56,70.48,2
mint,29.17,74,4.7,6.22,7,0.58,72.11,2
mint,20.0,66,4.2,6.09,70,1.07,73.29,2
mint,32.55,65,6.3,5.82,37,0.48,55.63,1
mint,23.82,67,4.7,6.22,27,1.86,82.97,2
mint,30.8,72,5.2,5.69,46,1.06,65.77,1
mint,14.13,60,6.2,5.55,42,1.16,52.79,1
mint,43.26,57,5.3,5.67,53,1.25,56.06,1
mint,27.08,61,5.1,5.91,44,0.88,76.35,2
mint,31.59,62,4.4,6.0,47,1.33,66.69,1
mint,24.06,73,4.2,5.45,33,1.77,68.74,1
mint,22.75,60,4.7,6.01,28,0.93,86.38,2
mint,25.12,67,4.8,6.28,54,1.28,79.22,2
mint,22.57,67,4.6,5.79,51,1.33,82.67,2
mint,21.22,66,5.1,5.21,53,1.59,68.07,1
mint,21.79,77,5.2,5.75,57,1.43,74.82,2
mint,19.63,73,4.9,6.02,47,1.77,77.73,2
mint,42.98,60,6.3,6.12,68,0.72,49.47,1
mint,25.03,68,4.0,5.88,35,1.24,79.89,2
mint,25.95,82,5.2,6.13,42,1.21,74.52,2
mint,21.57,70,4.5,6.07,30,1.47,84.0,2
mint,24.63,64,5.3,6.05,60,0.83,79.48,2
mint,21.74,65,5.2,6.45,50,1.3,76.85,2
mint,23.85,69,5.4,6.14,50,1.59,81.16,2
mint,24.02,50,4.8,6.3,53,0.51,67.17,1
mint,47.13,69,4.3,5.84,52,1.01,61.14,1
mint,15.94,63,5.0,5.83,76,1.69,64.56,1
mint,23.12,73,6.0,6.4,57,1.17,71.65,2
mint,46.7,56,4.8,6.38,88,1.13,49.48,1
mint,25.7,70,5.2,5.87,60,1.63,76.71,2
mint,14.95,63,3.9,5.7,45,1.12,59.25,1
mint,24.46,60,4.6,6.17,38,1.32,79.35,2
mint,7.39,65,5.0,5.71,51,1.29,63.98,1
mint,24.43,63,4.1,6.55,26,1.29,71.97,2
mint,24.3,65,4.5,6.02,61,0.83,79.68,2
mint,41.34,63,6.7,6.22,46,1.15,52.48,1
mint,39.96,63,5.7,5.81,48,1.22,60.44,1
mint,24.36,65,5.2,6.23,22,0.74,83.28,2
mint,20.66,64,5.7,6.02,12,1.45,84.09,2
mint,22.29,74,5.1,6.18,32,1.34,84.34,2
mint,23.12,67,6.4,5.73,60,1.04,72.96,2
mint,18.23,68,4.3,6.31,43,1.27,71.39,2
mint,22.11,68,5.7,5.87,45,1.01,81.68,2
mint,9.05,71,7.2,5.8,56,0.97,48.5,1
mint,27.34,68,4.7,5.78,55,1.13,75.13,2
mint,48.48,55,5.4,6.14,70,1.01,54.31,1
mint,24.03,75,3.7,5.95,45,1.37,74.43,2
mint,20.7,56,5.1,5.97,59,1.31,77.02,2
mint,39.45,64,4.9,5.91,36,1.09,68.9,1
mint,36.29,64,4.4,5.86,70,1.43,57.96,1
mint,7.39,75,6.3,5.85,46,1.44,53.89,1
mint,20.3,69,4.9,5.96,59,1.47,81.02,2
mint,41.21,50,6.8,5.85,55,0.93,42.51,0
mint,14.56,68,3.7,6.0,46,1.62,63.09,1
mint,22.28,56,4.5,6.04,26,1.93,78.39,2
mint,28.09,73,4.9,5.97,98,1.28,68.99,1
mint,15.99,65,5.8,6.07,38,1.62,68.38,1
mint,25.45,70,4.4,5.59,65,0.9,68.62,1
mint,22.45,67,4.2,5.87,58,1.12,80.22,2
mint,25.79,70,4.8,5.96,58,1.45,79.78,2
mint,31.12,71,3.5,5.83,51,1.02,57.73,1
mint,23.94,60,5.5,6.03,43,1.23,82.2,2
mint,23.84,74,5.9,6.41,56,1.29,69.95,1
mint,22.93,69,6.0,5.64,40,1.52,75.86,2
mint,25.07,56,6.2,6.57,28,0.79,61.52,1
mint,11.83,68,4.8,6.14,27,0.9,69.21,1
mint,23.07,55,4.1,6.19,70,0.69,67.42,1
mint,23.32,58,3.4,5.95,43,0.86,71.66,2
mint,23.03,66,4.8,5.82,38,1.54,85.73,2
mint,35.6,67,4.1,6.08,41,1.49,62.98,1
mint,25.25,63,5.0,6.25,56,1.31,78.15,2
mint,42.66,52,7.0,5.88,50,0.97,43.86,0
mint,21.53,63,6.4,5.69,39,1.16,71.17,2
mint,21.92,58,6.5,5.95,41,0.97,71.89,2
mint,21.57,69,5.5,5.98,49,1.39,83.06,2
mint,23.44,67,4.1,5.7,47,1.09,77.86,2
mint,24.89,66,4.9,5.95,27,1.43,87.81,2
mint,10.11,72,4.8,5.96,51,1.08,66.09,1
mint,20.65,68,6.0,6.14,40,1.37,77.24,2
mint,18.09,66,4.8,5.9,54,1.44,75.64,2
mint,47.13,57,5.8,6.15,76,1.04,51.54,1
mint,24.98,71,5.3,5.66,35,1.48,77.54,2
mint,40.0,73,6.0,6.07,57,1.76,55.18,1
mint,23.04,68,3.9,6.43,49,0.68,71.68,2
mint,27.38,71,5.0,6.11,72,0.8,72.92,2
mint,17.9,73,5.4,5.83,70,1.33,68.09,1
mint,26.94,71,5.3,5.98,44,0.85,78.14,2
mint,24.71,66,4.4,6.15,62,1.91,73.82,2
mint,25.91,63,4.9,5.59,49,1.39,73.5,2
mint,38.5,54,5.7,6.33,58,1.05,49.83,1
mint,20.03,74,5.0,6.13,36,0.91,79.99,2
mint,24.64,60,5.1,5.8,45,0.95,78.71,2
mint,25.09,63,6.8,6.56,38,1.22,62.22,1
mint,33.77,69,4.7,6.01,65,1.52,64.25,1
mint,28.05,61,5.1,6.07,38,1.72,74.52,2
mint,22.55,65,5.0,6.18,15,0.99,90.29,2
mint,20.42,71,2.7,5.88,50,1.66,64.47,1
mint,25.83,77,4.6,5.97,56,1.02,74.95,2
mint,24.99,70,5.4,6.03,52,1.12,82.1,2
mint,23.44,77,5.2,6.4,65,0.48,69.02,1
mint,24.81,64,4.6,5.89,39,1.18,82.71,2
mint,23.85,59,5.1,6.18,60,1.03,78.19,2
mint,22.51,71,5.3,6.25,60,1.59,77.63,2
mint,29.48,63,5.3,5.9,69,1.01,67.86,1
mint,24.35,67,4.2,6.07,56,1.14,80.27,2
mint,22.03,75,6.2,6.23,42,1.04,72.24,2
mint,22.39,65,6.4,5.82,56,0.88,72.22,2
mint,33.98,71,5.0,6.3,47,1.02,63.26,1
mint,22.14,64,4.6,5.95,63,1.67,79.16,2
mint,22.26,66,4.4,5.87,64,0.61,76.59,2
mint,22.45,66,3.6,6.09,63,1.5,73.75,2
mint,22.14,72,4.1,6.09,43,1.95,75.46,2
mint,16.27,62,5.8,5.61,72,1.3,57.3,1
mint,25.42,69,3.2,5.82,40,1.13,70.32,2
mint,22.86,55,4.9,5.96,50,1.68,79.67,2
mint,42.59,67,4.7,6.01,53,1.18,68.64,1
mint,19.83,71,5.5,5.64,40,1.61,71.65,2
mint,27.7,72,5.2,6.04,57,1.03,75.42,2
mint,38.19,69,5.2,6.25,55,1.13,63.36,1
mint,24.66,73,6.4,6.18,44,1.4,70.99,2
mint,24.76,69,4.3,6.23,42,1.17,78.82,2
mint,22.05,56,4.6,6.41,53,1.16,71.27,2
mint,23.7,62,2.4,6.43,49,1.18,63.74,1
mint,19.49,70,5.4,6.01,50,1.78,76.66,2
mint,42.77,49,5.8,5.7,55,1.09,47.41,1
mint,24.06,61,4.5,6.09,44,1.43,79.95,2
mint,43.79,62,5.4,5.7,78,0.96,53.72,1
mint,28.51,63,5.0,5.83,33,0.69,74.41,2
mint,17.67,69,4.6,5.95,39,1.19,78.14,2
mint,18.33,70,4.1,5.66,74,1.55,61.58,1
mint,23.64,74,6.3,5.82,52,1.7,70.03,2
mint,33.16,70,4.3,6.46,57,1.25,54.62,1
mint,21.63,64,4.9,6.05,45,0.67,82.9,2
mint,40.83,68,4.9,6.2,48,0.92,65.52,1
mint,16.24,67,5.2,6.65,38,1.53,63.54,1
mint,20.46,69,5.9,5.74,53,1.21,73.53,2
mint,21.37,65,6.6,5.56,20,1.1,70.61,2
mint,26.83,74,6.0,6.05,36,1.14,73.81,2
mint,23.71,57,5.2,5.94,38,1.28,83.0,2
mint,16.25,75,5.9,6.2,57,0.92,60.38,1
mint,48.52,48,5.6,5.65,59,1.06,46.49,1
mint,25.93,69,3.6,5.96,31,1.32,76.23,2
mint,11.19,74,6.9,5.71,38,1.75,46.53,1
mint,20.92,70,5.6,6.35,45,1.55,73.45,2
mint,18.39,61,4.7,5.9,49,1.71,71.6,2
mint,23.42,67,5.6,6.22,26,0.92,84.05,2
mint,20.4,67,6.3,6.13,62,1.91,67.79,1
mint,22.18,75,5.0,5.93,52,0.89,82.2,2
mint,22.97,59,3.5,5.69,87,1.03,62.41,1
mint,19.69,60,3.6,6.32,48,0.77,61.61,1
mint,23.09,66,5.7,6.5,35,1.07,77.26,2
mint,14.25,73,6.1,5.84,78,1.53,53.21,1
mint,15.59,60,3.5,5.74,59,1.25,54.48,1
mint,20.58,65,4.8,6.02,62,0.38,76.72,2
mint,15.95,66,5.3,6.24,53,0.75,66.66,1
mint,41.72,59,5.8,5.91,32,0.79,59.42,1
mint,24.36,59,5.4,5.85,69,1.21,75.08,2
mint,18.62,62,5.4,5.94,56,0.9,72.91,2
mint,25.22,64,4.8,5.63,45,1.0,76.11,2
mint,31.4,72,5.7,5.84,71,1.42,59.31,1
mint,20.81,69,5.7,6.38,23,1.39,77.0,2
mint,18.75,74,5.2,6.36,53,0.73,67.48,1
mint,19.97,67,5.0,5.88,47,0.92,81.97,2
mint,25.18,70,5.4,6.53,69,1.34,68.62,1
mint,19.31,73,4.1,5.96,54,1.14,72.75,2
mint,37.77,56,5.0,6.16,64,1.11,59.1,1
mint,18.24,70,3.6,6.16,56,0.99,65.01,1
mint,26.96,65,5.2,5.92,52,1.49,77.35,2
mint,22.47,61,5.6,5.59,63,0.54,68.14,1
mint,14.02,78,5.3,6.11,52,1.0,61.72,1
mint,23.18,68,4.5,5.97,46,1.27,87.19,2
mint,21.5,69,4.6,6.39,57,0.86,74.05,2
mint,22.62,64,4.4,6.15,6,1.04,87.68,2
mint,24.93,76,7.3,6.55,46,1.25,57.37,1
mint,16.71,71,6.2,5.89,40,1.21,67.66,1
mint,25.66,59,4.7,5.59,2,0.94,77.19,2
mint,22.71,69,5.2,6.28,62,1.59,79.06,2
mint,22.62,62,5.7,5.86,40,0.79,78.93,2
mint,30.62,75,4.5,6.4,46,0.98,59.77,1
mint,23.98,65,4.7,5.97,50,1.69,82.63,2
mint,23.32,72,3.7,6.1,72,1.33,72.58,2
mint,33.71,69,5.6,5.88,60,0.93,60.91,1
mint,25.36,68,5.0,6.04,77,1.34,80.99,2
mint,25.54,67,5.2,6.26,61,1.29,77.6,2
mint,19.99,61,4.7,6.09,45,1.56,76.58,2
mint,21.15,65,5.4,6.16,46,1.14,80.86,2
mint,24.13,73,4.4,5.99,29,1.66,82.23,2
mint,27.22,67,4.2,6.3,36,1.36,72.5,2
mint,19.94,61,6.0,6.33,24,1.35,71.1,2
mint,23.74,73,5.1,5.52,59,1.51,73.49,2
mint,22.7,51,5.0,6.64,28,1.34,71.34,2
mint,40.45,60,4.2,5.84,50,1.45,56.74,1
mint,22.97,82,4.4,5.58,51,0.42,65.31,1
mint,17.67,76,5.6,6.09,33,1.33,71.85,2
mint,23.62,57,5.0,5.82,30,1.09,83.37,2
mint,10.14,72,6.3,5.61,50,0.58,47.88,1
mint,19.94,68,4.4,6.12,37,1.3,80.14,2
mint,28.57,72,5.8,5.82,80,0.6,60.01,1
mint,22.69,68,4.7,6.08,65,0.8,82.33,2
mint,44.23,59,4.9,5.78,52,0.93,59.74,1
mint,43.13,62,4.1,6.2,46,1.5,56.71,1
mint,23.49,59,5.3,6.15,47,0.83,78.84,2
mint,20.36,58,5.3,5.63,51,0.89,69.27,1
mint,27.0,67,5.2,6.37,28,1.0,77.07,2
mint,15.58,71,4.5,5.99,44,0.71,69.01,1
mint,20.82,67,4.2,6.02,40,1.3,81.92,2
mint,12.59,79,5.1,6.59,76,0.84,46.14,1
mint,26.79,67,5.3,6.01,72,1.12,77.65,2
mint,19.8,74,4.6,6.28,18,1.62,75.59,2
mint,5.2,61,5.4,6.56,61,1.54,50.02,1
mint,26.55,80,5.0,5.92,39,0.92,75.81,2
mint,15.21,85,5.1,5.92,53,1.59,60.65,1
mint,44.08,61,4.7,6.12,65,0.7,57.92,1
mint,15.7,63,3.6,6.17,41,1.26,61.86,1
mint,7.22,67,6.2,6.17,15,1.44,63.4,1
mint,11.76,71,3.7,6.22,83,0.99,49.16,1
mint,22.74,72,5.6,5.7,49,1.14,78.06,2
mint,28.04,69,5.5,6.05,60,0.72,71.67,2
mint,17.2,57,5.3,6.08,44,1.83,67.27,1
mint,18.05,68,4.2,5.87,50,1.24,72.95,2
mint,23.03,59,5.6,6.11,56,1.6,76.68,2
mint,42.15,58,5.2,6.1,64,0.9,58.69,1
mint,23.87,68,5.5,6.01,68,0.98,81.76,2
mint,23.33,65,4.4,5.92,48,1.41,82.75,2
mint,8.77,74,5.5,5.99,44,1.4,63.86,1
mint,22.99,71,6.3,5.95,32,1.73,78.7,2
mint,30.09,75,4.8,5.86,9,1.15,75.27,2
mint,20.02,62,5.4,5.9,64,0.95,73.94,2
mint,26.05,69,3.8,5.58,46,0.57,64.3,1
mint,22.09,66,5.8,5.61,26,1.57,77.01,2
mint,14.6,66,5.4,5.82,54,1.4,65.81,1
mint,21.0,63,3.7,6.24,67,1.26,67.66,1
mint,22.43,60,4.5,6.36,40,1.42,75.63,2
mint,19.0,58,5.1,6.24,56,2.05,66.48,1
mint,17.61,67,6.2,6.05,68,0.82,65.67,1
mint,25.2,79,5.1,5.88,22,1.13,81.59,2
mint,8.51,74,5.0,6.4,49,1.46,58.63,1
mint,29.34,73,4.4,5.84,46,1.29,68.4,1
mint,23.88,62,4.9,6.47,64,0.96,73.05,2
mint,26.12,67,5.6,6.12,49,1.69,75.66,2
mint,26.52,76,4.4,5.81,32,1.92,69.94,1
mint,22.17,65,6.0,6.2,70,1.09,73.45,2
mint,11.14,71,4.6,6.13,48,1.1,63.99,1
mint,19.82,64,3.9,5.7,27,1.48,71.22,2
mint,17.12,76,4.3,6.1,48,0.88,66.21,1
mint,18.6,67,6.5,5.87,37,1.62,68.5,1
mint,20.83,78,3.9,5.93,41,1.64,70.4,2
mint,19.73,68,5.2,6.28,43,1.44,77.68,2
mint,23.07,61,4.5,6.16,43,1.1,81.51,2
mint,22.08,75,3.8,6.03,58,0.85,72.59,2
mint,19.11,65,4.9,5.79,23,1.02,80.97,2
mint,16.57,63,4.3,6.06,53,1.13,69.07,1
mint,19.17,60,5.1,5.58,53,1.44,68.71,1
mint,41.65,52,4.5,6.09,64,1.56,52.66,1
mint,20.51,63,4.3,6.0,44,1.02,78.91,2
mint,24.24,67,5.4,6.22,24,1.32,85.23,2
mint,30.45,61,4.7,5.65,61,0.48,57.69,1
mint,8.2,60,5.2,6.65,14,0.7,55.63,1
mint,42.87,64,5.5,5.69,68,1.56,54.82,1
mint,49.59,58,4.4,5.8,42,1.51,57.14,1
mint,23.06,58,5.8,5.63,45,1.15,73.27,2
mint,24.38,70,3.6,6.1,46,0.69,72.69,2
mint,21.62,63,6.0,5.81,25,0.79,76.68,2
mint,23.53,71,3.6,6.0,47,1.54,76.7,2
mint,22.47,78,4.3,5.73,36,1.3,75.61,2
mint,27.18,73,5.9,6.24,65,1.56,64.14,1
mint,12.73,62,4.8,5.74,41,0.98,62.07,1
mint,24.54,68,4.6,6.07,86,1.31,77.77,2
mint,24.38,68,4.7,5.85,52,1.56,81.12,2
mint,31.71,64,5.5,6.08,77,1.67,59.87,1
mint,22.03,65,5.9,6.07,41,1.17,81.66,2
mint,26.51,52,6.2,5.92,22,0.73,66.62,1
mint,22.22,80,3.1,6.24,56,1.26,62.55,1
mint,23.35,56,3.5,5.67,57,0.82,63.05,1
mint,23.3,64,4.2,6.49,72,1.0,68.73,1
mint,16.11,76,5.1,6.0,58,1.42,69.72,1
mint,23.49,71,4.0,5.52,55,1.51,69.08,1
mint,37.9,59,6.2,5.74,53,1.16,51.97,1
mint,24.01,63,4.6,6.06,43,1.17,84.01,2
mint,23.48,73,4.7,6.19,56,1.4,79.48,2
mint,21.38,72,4.3,6.17,47,1.18,77.77,2
mint,47.97,66,5.7,5.99,77,1.42,59.96,1
mint,21.14,68,6.1,6.27,60,1.74,69.36,1
mint,14.81,60,4.2,6.38,30,1.03,59.66,1
mint,25.18,62,5.6,5.81,28,1.74,76.18,2
mint,23.11,53,4.4,5.88,64,1.32,73.19,2
mint,25.54,72,4.7,6.03,30,1.4,83.32,2
mint,30.52,62,3.9,6.16,47,1.18,62.56,1
mint,23.7,71,4.7,5.82,31,1.62,83.06,2
mint,24.17,66,4.2,6.31,66,1.1,73.38,2
mint,48.05,53,5.7,5.7,49,1.09,51.52,1
mint,18.46,58,6.1,5.76,65,0.71,58.71,1
mint,23.16,63,3.9,5.76,67,1.27,72.77,2
mint,30.07,72,6.2,5.88,47,1.78,60.61,1
mint,16.71,62,5.0,5.83,52,0.69,69.21,1
mint,31.06,67,6.0,5.98,50,2.08,62.18,1
mint,17.54,66,4.7,5.54,32,1.19,71.55,2
mint,28.57,62,4.6,6.19,49,1.33,70.11,2
mint,20.46,61,4.8,6.3,43,1.11,76.08,2
mint,29.6,71,6.2,6.09,53,1.24,65.17,1
mint,39.35,64,5.9,6.04,77,1.7,54.9,1
mint,22.45,78,5.4,5.93,43,1.31,80.63,2
mint,34.87,57,4.4,5.88,58,1.13,57.08,1
mint,24.76,78,6.5,6.37,37,1.14,65.23,1
mint,5.61,68,3.7,6.08,59,1.65,56.1,1
mint,32.38,69,6.2,5.53,64,1.41,50.39,1
mint,26.04,60,4.3,6.29,68,0.82,65.12,1
mint,22.69,65,4.9,6.42,60,1.57,76.82,2
mint,43.4,72,4.6,6.0,21,1.49,69.13,1
mint,42.79,59,5.3,5.58,56,1.14,54.91,1
mint,24.62,57,5.4,6.32,52,1.14,72.36,2
mint,23.15,72,3.3,5.56,27,1.51,69.19,1
mint,23.43,76,5.1,5.94,18,0.57,85.27,2
mint,27.25,68,5.5,6.17,53,1.44,74.07,2
mint,21.31,69,6.3,5.56,61,0.99,66.1,1
mint,21.37,71,4.4,6.22,44,1.41,77.39,2
mint,24.5,73,3.8,6.36,47,0.85,67.79,1
mint,11.77,77,3.9,6.28,40,1.02,52.92,1
mint,28.98,68,4.6,6.3,23,1.45,73.5,2
mint,16.04,64,4.2,5.99,56,1.09,68.13,1
mint,19.75,74,5.8,6.03,30,0.52,73.95,2
mint,21.61,62,6.0,5.85,58,1.27,73.7,2
mint,12.89,65,4.3,5.96,76,1.02,59.17,1
mint,26.76,70,6.1,6.02,41,1.34,74.9,2
mint,20.37,71,5.9,6.18,109,1.33,64.04,1
mint,28.82,69,3.8,5.99,53,1.11,69.22,1
mint,19.64,62,5.7,6.22,9,1.43,77.45,2
mint,6.87,67,5.7,5.97,58,0.94,62.94,1
mint,22.98,68,4.9,6.09,67,1.71,83.2,2
mint,21.06,75,5.3,5.56,58,1.44,69.79,1
mint,18.79,69,4.8,5.75,33,1.02,77.78,2
mint,24.04,67,4.7,5.89,32,1.14,87.67,2
mint,19.93,63,4.6,6.07,36,1.23,80.81,2
mint,22.1,70,4.3,5.72,45,1.45,77.09,2
mint,24.74,68,5.9,5.52,48,1.79,68.5,1
mint,21.95,64,4.3,5.72,49,0.92,75.36,2
mint,43.64,67,5.3,5.81,54,0.95,63.45,1
mint,22.05,75,5.3,6.35,44,1.36,76.31,2
mint,14.5,65,5.2,5.72,39,0.88,66.16,1
mint,20.51,74,3.8,6.1,35,1.75,71.08,2
mint,18.81,67,4.8,6.04,56,1.21,80.0,2
mint,21.01,67,6.4,6.22,34,1.03,74.32,2
mint,26.5,67,4.8,5.53,53,1.69,70.26,2
mint,20.13,59,4.7,6.14,39,1.56,75.62,2
mint,20.38,70,4.2,5.65,57,1.05,70.2,2
mint,27.68,70,5.9,6.01,37,1.28,75.77,2
mint,20.02,67,5.7,6.71,49,1.43,65.01,1
mint,22.18,62,4.2,5.86,46,0.98,77.53,2
mint,15.5,77,5.3,6.27,69,1.13,60.17,1
mint,21.81,76,3.9,6.36,38,1.01,69.8,1
mint,23.08,76,5.4,5.76,17,0.93,82.53,2
mint,25.85,67,4.3,5.65,30,1.28,76.45,2
mint,22.98,70,4.9,5.86,32,1.03,88.73,2
mint,24.5,63,6.0,5.31,70,0.58,57.92,1
mint,47.18,59,4.5,6.09,53,1.3,60.25,1
mint,42.08,76,3.4,5.95,39,1.29,55.1,1
mint,30.19,66,5.2,5.65,46,0.6,65.11,1
mint,29.29,61,4.1,6.04,43,0.65,65.65,1
mint,22.23,79,4.8,6.25,34,1.76,76.12,2
mint,23.49,73,5.2,6.17,31,1.28,85.36,2
mint,20.24,74,5.7,6.21,67,1.13,69.97,1
mint,19.41,60,5.3,6.32,45,1.43,71.03,2
mint,26.64,65,4.5,5.9,20,1.05,81.33,2
mint,23.14,63,5.0,6.13,53,1.47,84.25,2
mint,22.38,65,5.6,6.31,28,1.67,79.14,2
mint,21.68,66,4.9,5.43,50,1.37,75.25,2
mint,24.1,66,5.0,5.42,55,1.0,75.25,2
mint,5.55,63,7.0,6.16,52,0.8,48.28,1
mint,23.86,60,2.8,5.87,37,1.29,69.7,1
mint,23.73,72,4.6,6.27,59,0.89,76.06,2
mint,22.67,66,6.2,6.15,70,1.09,74.55,2
mint,21.73,63,3.3,5.86,13,1.02,76.01,2
mint,22.51,72,4.4,6.06,58,1.69,78.28,2
mint,24.44,65,5.3,5.43,36,1.0,74.96,2
mint,23.47,62,5.5,6.0,32,1.56,84.64,2
mint,22.6,66,5.2,6.29,32,1.33,85.07,2
mint,19.9,64,3.9,5.75,36,1.08,71.94,2
mint,19.48,67,3.6,6.27,47,1.25,68.93,1
mint,23.11,62,5.2,5.99,57,1.22,85.53,2
mint,22.63,57,4.0,6.04,40,0.76,75.51,2
mint,28.04,67,5.8,5.7,78,1.18,65.02,1
mint,24.25,64,4.6,6.15,45,1.18,82.07,2
mint,8.21,75,5.0,6.02,54,0.88,64.46,1
mint,22.87,64,3.7,6.1,50,0.86,75.77,2
mint,22.68,68,5.4,5.94,44,1.41,86.51,2
mint,16.75,78,3.7,6.25,36,1.4,59.44,1
mint,22.11,69,5.2,5.6,37,0.83,79.59,2
mint,16.61,67,5.7,5.68,70,1.13,63.63,1
mint,24.0,69,5.6,5.79,46,1.03,79.98,2
mint,28.82,66,5.3,6.23,26,1.05,75.51,2
mint,24.58,74,5.0,5.8,58,1.18,79.53,2
mint,8.16,71,4.4,5.76,57,1.48,57.73,1
mint,46.96,64,4.2,5.75,55,0.89,56.16,1
mint,22.12,67,4.9,6.43,68,1.84,73.71,2
mint,37.68,59,3.4,5.89,56,0.99,50.43,1
mint,23.21,74,4.3,6.31,57,1.0,73.86,2
mint,27.61,72,6.0,5.99,30,1.16,75.33,2
mint,24.68,70,4.4,6.35,56,1.81,70.87,2
mint,21.87,69,5.4,6.26,38,0.92,80.81,2
mint,23.06,58,6.6,6.38,41,1.01,66.83,1
mint,16.46,72,5.6,6.45,71,1.74,55.98,1
mint,24.34,58,4.7,6.16,65,0.94,74.14,2
mint,22.65,80,5.9,5.87,53,1.54,71.84,2
mint,19.41,77,4.8,5.87,46,0.79,73.1,2
mint,22.44,69,5.8,5.98,58,0.53,78.11,2
mint,26.38,77,5.8,5.67,59,0.82,63.12,1
mint,26.44,68,4.6,6.18,12,1.29,83.74,2
mint,20.07,72,3.4,6.18,43,1.75,65.52,1
mint,24.87,65,4.7,6.21,17,1.03,84.53,2
mint,22.99,73,4.4,6.07,52,1.64,79.71,2
mint,20.66,67,6.3,6.2,31,1.21,76.25,2
mint,22.58,66,5.1,6.02,45,1.32,89.16,2
mint,25.57,68,5.8,6.2,50,1.01,75.37,2
mint,19.7,72,7.1,5.92,65,1.66,60.82,1
mint,23.08,65,5.7,5.91,62,1.66,78.5,2
mint,21.99,69,4.8,6.14,67,1.69,79.0,2
mint,23.03,66,6.8,6.27,40,1.29,73.18,2
mint,21.66,69,4.6,6.04,38,0.94,84.91,2
mint,21.44,75,5.7,6.14,38,1.27,77.81,2
mint,45.21,62,5.6,5.43,61,1.38,49.91,1
mint,18.82,77,4.5,6.17,55,1.0,68.74,1
mint,19.8,65,4.2,6.0,49,1.74,74.89,2
mint,25.95,62,3.5,5.92,37,1.06,71.16,2
mint,6.13,85,4.6,5.55,65,0.88,45.1,1
mint,17.0,75,3.6,5.39,58,1.29,50.96,1
mint,16.87,67,4.4,6.05,59,1.05,71.56,2
mint,22.75,63,4.8,5.77,48,0.92,81.27,2
mint,16.66,69,5.2,6.02,43,1.32,76.89,2
mint,18.09,83,5.0,6.38,63,1.3,62.58,1
mint,18.8,64,6.4,6.2,45,1.42,66.42,1
mint,21.38,69,4.6,6.11,53,1.15,81.87,2
mint,22.41,73,6.5,6.54,68,1.62,59.96,1
mint,30.21,59,5.8,5.85,26,1.18,67.19,1
mint,30.08,61,5.2,6.01,48,1.18,72.44,2
mint,23.15,70,5.6,5.57,45,1.0,76.65,2
mint,21.82,61,4.5,6.04,72,1.16,77.42,2
mint,28.79,68,4.8,6.27,40,0.82,72.45,2
mint,42.41,64,4.1,5.6,54,0.63,50.95,1
mint,7.1,73,5.4,6.05,55,0.94,62.28,1
mint,22.12,67,5.0,5.75,37,1.28,86.52,2
mint,22.85,60,4.5,6.21,52,1.46,77.31,2
mint,27.75,64,5.8,5.85,16,1.58,74.46,2
mint,44.0,59,5.1,5.95,61,1.0,62.14,1
mint,25.46,57,4.4,5.81,56,1.58,69.14,1
mint,22.68,71,6.4,6.08,50,1.82,73.28,2
mint,21.86,59,3.8,6.06,62,1.34,71.63,2
mint,21.98,73,4.3,6.04,21,1.22,85.12,2
mint,47.59,63,3.9,5.94,89,1.07,52.8,1
mint,25.1,72,5.6,6.08,60,1.28,76.9,2
mint,22.93,72,5.6,5.69,19,1.57,81.11,2
mint,33.53,63,5.4,6.14,73,1.64,57.07,1
mint,24.88,62,5.5,5.93,78,1.16,75.06,2
mint,28.0,57,6.3,6.42,33,1.02,59.15,1
mint,22.45,63,5.6,5.75,44,1.86,75.53,2
mint,28.58,61,6.6,6.51,48,1.06,54.19,1
mint,22.82,67,4.4,5.95,55,0.93,83.35,2
mint,40.02,62,4.3,5.62,92,1.37,48.07,1
mint,25.36,72,5.4,5.94,55,1.57,77.27,2
mint,21.13,74,4.8,5.97,44,0.83,80.91,2
mint,18.35,82,5.5,5.9,49,1.16,68.16,1
mint,31.45,71,5.8,5.61,44,1.72,56.91,1
mint,28.56,70,4.7,6.09,35,1.25,77.42,2
mint,23.36,72,3.4,5.81,56,1.54,69.69,1
mint,41.24,69,4.6,6.38,53,0.94,58.4,1
mint,24.77,77,4.2,5.92,59,1.6,71.22,2
mint,20.59,64,5.1,6.07,35,1.36,84.33,2
mint,44.09,60,4.8,6.36,48,1.09,58.43,1
mint,20.16,66,4.8,6.16,41,1.03,81.1,2
mint,23.63,55,6.1,6.06,36,1.1,75.41,2
mint,31.01,68,6.1,5.89,46,1.42,64.49,1
mint,14.4,69,5.0,5.81,43,1.56,68.97,1
mint,25.83,61,4.9,5.85,44,1.18,79.53,2
mint,20.8,55,5.6,5.66,48,1.12,68.62,1
mint,28.96,64,5.8,5.78,50,1.01,66.39,1
mint,20.24,59,5.8,5.45,55,0.9,61.7,1
mint,45.15,65,5.8,6.46,66,1.25,52.43,1
mint,23.45,68,5.6,6.2,34,1.02,83.73,2
mint,18.32,75,5.4,6.02,47,0.75,72.41,2
mint,14.18,74,4.4,6.32,64,1.51,55.38,1
mint,13.88,75,5.8,6.38,37,0.79,55.18,1
mint,23.74,65,6.5,5.57,61,1.14,67.04,1
mint,48.29,65,4.9,5.39,63,1.4,54.22,1
mint,27.79,53,4.8,6.28,43,1.26,67.36,1
mint,20.92,63,5.4,5.8,28,0.94,80.03,2
mint,33.81,63,5.7,6.03,48,1.5,61.89,1
mint,28.63,58,4.6,6.05,45,0.53,67.65,1
mint,34.3,66,4.5,6.28,38,0.59,59.86,1
mint,21.88,77,4.5,5.76,41,1.21,76.89,2
mint,43.87,70,5.0,5.92,52,1.39,67.39,1
mint,43.43,63,4.5,6.09,49,1.52,61.91,1
mint,24.47,65,4.3,5.86,28,0.59,79.22,2
mint,31.46,64,5.3,5.79,62,1.26,64.23,1
mint,24.39,63,5.7,6.0,60,1.19,79.61,2
mint,22.26,67,6.7,5.71,53,1.09,70.5,2
mint,23.32,71,3.8,5.98,55,0.64,75.56,2
mint,27.04,72,5.5,6.24,18,0.59,73.98,2
mint,7.98,66,3.2,5.75,48,1.15,52.61,1
mint,44.5,54,4.1,6.24,39,1.11,53.55,1
mint,29.01,69,4.5,5.89,43,1.03,73.19,2
mint,18.08,79,5.6,6.33,48,1.35,63.54,1
mint,39.53,65,6.5,6.41,64,1.89,44.5,0
mint,24.57,66,3.3,6.23,37,1.4,71.44,2
mint,21.63,73,5.4,6.06,47,1.14,81.87,2
mint,28.56,67,5.6,6.06,53,0.5,70.03,2
mint,27.44,60,6.3,6.01,41,2.09,64.55,1
mint,25.04,67,5.4,5.96,41,1.06,84.39,2
mint,39.31,63,5.5,5.7,74,1.39,54.52,1
mint,23.53,68,5.7,6.32,45,0.81,77.35,2
mint,21.35,69,5.8,5.55,82,1.43,66.24,1
mint,21.18,74,5.6,6.03,50,1.39,78.17,2
mint,28.6,69,5.5,6.25,39,1.37,71.85,2
mint,16.54,65,4.6,5.82,39,1.19,72.68,2
mint,17.72,75,3.0,6.24,62,1.2,55.22,1
mint,17.29,73,5.4,6.14,37,0.81,71.12,2
mint,6.61,71,6.0,6.41,70,1.79,47.31,1
mint,24.54,66,4.7,5.96,27,1.64,85.9,2
mint,22.8,61,5.7,5.78,49,1.42,76.84,2
mint,28.36,62,4.6,6.37,67,1.48,63.11,1
mint,29.01,62,5.0,6.12,32,1.57,74.85,2
mint,23.4,67,4.0,6.23,49,0.99,77.65,2
mint,47.61,60,3.4,6.21,39,1.41,51.75,1
mint,18.78,75,4.3,5.93,61,0.91,68.84,1
mint,13.2,65,5.3,6.09,57,1.87,61.54,1
mint,23.23,70,4.9,5.83,62,1.17,83.78,2
mint,20.49,72,5.3,6.17,64,1.38,75.27,2
mint,22.24,67,5.2,5.68,55,1.23,81.29,2
mint,29.74,59,6.0,5.85,34,1.59,63.04,1
mint,18.16,71,5.6,6.31,63,1.41,66.13,1
mint,23.89,63,4.8,6.22,45,1.32,81.67,2
mint,22.87,63,5.7,5.78,47,1.4,78.62,2
mint,22.34,74,5.5,6.11,38,1.15,82.44,2
rosemary,18.52,59,7.1,6.5,72,1.27,70.95,2
rosemary,22.16,51,7.0,6.54,48,1.39,85.21,2
rosemary,29.08,42,6.5,5.98,57,1.51,63.2,1
rosemary,24.03,55,5.7,6.54,61,1.61,76.75,2
rosemary,34.45,54,7.8,6.37,44,1.46,65.11,1
rosemary,25.84,48,7.9,6.57,31,1.57,82.69,2
rosemary,25.91,55,7.2,6.88,48,0.86,77.52,2
rosemary,24.81,49,5.5,6.6,31,1.6,79.34,2
rosemary,13.44,54,6.7,6.55,34,1.35,70.24,2
rosemary,39.1,48,7.1,6.68,43,1.29,65.76,1
rosemary,24.53,49,7.1,6.19,44,1.28,82.62,2
rosemary,23.33,62,8.9,6.19,13,1.15,66.9,1
rosemary,19.77,56,7.6,6.16,78,1.51,64.95,1
rosemary,26.56,51,6.6,6.76,42,1.72,80.68,2
rosemary,25.04,63,6.7,6.19,30,1.44,80.58,2
rosemary,44.88,41,6.3,5.76,35,0.9,45.05,1
rosemary,27.28,55,5.8,6.96,42,1.72,68.64,1
rosemary,43.06,39,6.9,6.75,45,0.95,56.97,1
rosemary,11.7,50,7.0,6.68,60,2.06,63.53,1
rosemary,14.79,56,6.1,6.16,50,1.93,55.06,1
rosemary,6.68,51,8.1,6.32,26,1.59,63.09,1
rosemary,29.67,51,6.7,6.47,50,1.03,77.42,2
rosemary,44.71,52,6.1,6.25,66,1.88,56.62,1
rosemary,18.68,62,6.7,6.66,45,1.15,68.03,1
rosemary,14.14,50,8.1,6.62,39,0.93,59.43,1
rosemary,6.8,50,7.2,5.96,71,1.91,54.01,1
rosemary,23.72,57,6.4,6.56,32,1.89,82.52,2
rosemary,35.2,51,6.4,7.0,33,0.9,56.89,1
rosemary,24.89,56,8.1,6.61,42,1.18,79.63,2
rosemary,21.23,55,6.6,6.41,35,1.36,80.46,2
rosemary,28.68,56,7.3,6.77,29,1.78,77.35,2
rosemary,23.63,52,7.7,6.27,44,1.89,78.87,2
rosemary,34.81,53,7.3,6.37,22,1.24,70.79,2
rosemary,30.84,48,6.8,6.39,58,0.75,69.88,1
rosemary,19.04,61,6.6,6.85,76,1.36,61.42,1
rosemary,24.58,39,7.6,6.54,61,1.18,75.45,2
rosemary,31.14,55,6.5,6.3,76,1.35,66.86,1
rosemary,7.84,55,6.8,6.53,47,1.36,68.99,1
rosemary,26.76,56,7.9,6.56,50,1.4,78.79,2
rosemary,26.73,50,6.8,6.73,43,1.4,82.3,2
rosemary,25.19,52,6.8,6.48,39,1.32,90.95,2
rosemary,15.35,54,6.5,6.9,35,1.74,61.85,1
rosemary,24.33,41,7.7,6.45,44,1.06,77.02,2
rosemary,18.65,54,7.8,6.74,48,1.65,67.99,1
rosemary,47.68,54,7.3,6.86,41,1.51,63.74,1
rosemary,25.92,61,8.1,6.6,44,1.67,75.67,2
rosemary,34.85,49,7.0,6.11,34,1.98,63.14,1
rosemary,39.97,48,6.8,6.32,45,0.82,62.37,1
rosemary,23.93,51,7.2,6.69,21,1.42,88.26,2
rosemary,29.67,53,6.8,6.65,42,1.85,78.11,2
rosemary,23.23,52,6.6,6.67,72,1.53,79.32,2
rosemary,23.61,51,7.6,6.56,58,1.5,82.33,2
rosemary,27.5,55,8.5,6.66,50,1.58,71.51,2
rosemary,28.27,45,6.4,6.48,51,1.16,75.07,2
rosemary,21.37,61,7.2,6.77,44,1.04,72.15,2
rosemary,10.19,71,5.7,6.59,69,1.77,46.14,1
rosemary,20.83,45,7.0,6.54,51,1.84,77.37,2
rosemary,24.72,51,7.0,6.27,48,1.99,84.63,2
rosemary,36.25,42,8.4,6.09,57,1.5,46.86,1
rosemary,24.67,62,6.0,7.11,26,1.46,70.03,2
rosemary,27.37,51,7.6,6.64,68,1.79,75.9,2
rosemary,26.25,51,7.6,6.5,26,1.14,86.59,2
rosemary,28.29,54,7.4,6.67,48,1.95,77.01,2
rosemary,28.33,54,7.0,6.25,33,1.43,82.38,2
rosemary,26.32,54,6.0,6.65,68,1.63,75.6,2
rosemary,27.85,48,7.4,6.31,51,1.37,76.86,2
rosemary,23.9,42,6.1,6.33,43,0.96,72.51,2
rosemary,17.41,59,6.9,6.41,25,1.44,74.5,2
rosemary,24.64,46,6.7,6.32,28,1.8,84.03,2
rosemary,24.46,60,5.0,6.76,60,1.48,65.55,1
rosemary,25.41,50,8.6,6.88,40,1.5,72.37,2
rosemary,24.81,47,5.4,6.59,58,1.34,73.43,2
rosemary,24.03,52,7.1,6.51,51,2.13,86.37,2
rosemary,17.21,46,6.5,6.69,52,1.74,64.34,1
rosemary,21.85,61,8.2,6.34,49,0.92,66.5,1
rosemary,18.42,48,6.2,6.53,46,1.56,70.67,2
rosemary,16.55,54,6.8,6.3,84,1.8,63.2,1
rosemary,25.67,48,8.0,6.51,71,1.35,77.37,2
rosemary,23.1,47,5.6,6.41,54,1.58,72.49,2
rosemary,24.51,51,6.9,5.88,63,1.33,75.12,2
rosemary,21.0,68,7.5,6.77,35,0.9,65.55,1
rosemary,33.48,51,6.4,6.85,32,1.17,64.42,1
rosemary,9.01,62,6.8,6.78,66,1.84,56.07,1
rosemary,30.67,46,6.3,6.65,10,1.38,74.48,2
rosemary,24.42,52,7.4,6.63,55,2.05,82.33,2
rosemary,28.12,48,5.8,6.58,61,1.47,71.6,2
rosemary,24.28,56,7.3,6.55,49,0.61,81.76,2
rosemary,26.3,51,7.6,6.44,38,1.7,84.37,2
rosemary,26.56,53,7.8,6.27,47,1.18,77.67,2
rosemary,21.21,51,8.4,6.06,40,1.38,65.91,1
rosemary,22.33,63,6.5,6.55,45,1.55,76.93,2
rosemary,25.18,59,8.4,6.17,70,1.63,67.99,1
rosemary,28.65,48,6.2,6.57,63,1.95,71.35,2
rosemary,22.19,59,7.8,6.15,44,1.34,70.39,2
rosemary,24.08,51,6.8,6.04,61,2.14,74.65,2
rosemary,25.41,64,7.3,6.32,75,0.96,73.02,2
rosemary,24.77,50,7.0,6.45,34,1.66,91.38,2
rosemary,23.13,52,6.5,7.04,45,1.35,74.23,2
rosemary,30.38,63,6.4,6.84,65,1.29,61.3,1
rosemary,27.04,57,6.9,6.46,18,1.58,88.7,2
rosemary,23.02,58,6.7,6.71,38,1.66,80.06,2
rosemary,23.83,43,7.9,6.41,52,2.09,73.03,2
rosemary,22.95,56,5.8,6.28,22,1.21,75.81,2
rosemary,24.5,60,7.0,6.53,82,1.06,79.99,2
rosemary,25.35,54,6.7,7.27,33,1.31,75.09,2
rosemary,22.08,50,6.4,6.93,33,1.48,74.75,2
rosemary,31.07,61,7.6,6.4,43,1.85,68.37,1
rosemary,22.94,51,8.2,6.73,38,2.15,72.7,2
rosemary,23.92,53,8.4,6.37,50,1.3,76.3,2
rosemary,20.05,54,7.8,6.48,40,1.82,75.49,2
rosemary,27.02,47,5.5,6.78,47,1.21,67.65,1
rosemary,20.19,59,7.9,6.26,50,1.93,65.64,1
rosemary,21.72,60,8.0,6.38,35,1.77,72.69,2
rosemary,24.37,46,5.7,6.33,26,0.64,73.68,2
rosemary,25.4,58,7.4,6.79,50,1.17,78.31,2
rosemary,38.19,45,7.6,6.67,36,1.6,61.96,1
rosemary,29.65,49,6.9,6.41,60,1.58,77.08,2
rosemary,28.4,48,7.0,6.37,41,1.95,79.79,2
rosemary,26.08,53,6.7,6.36,49,1.74,84.29,2
rosemary,24.21,53,7.0,6.5,62,1.7,88.26,2
rosemary,26.68,48,7.3,6.46,35,1.53,85.74,2
rosemary,17.5,53,6.7,6.55,67,1.55,71.63,2
rosemary,24.81,49,8.0,6.54,68,1.33,78.66,2
rosemary,23.24,56,7.5,6.38,45,1.64,81.1,2
rosemary,19.3,51,7.2,6.61,66,1.64,73.87,2
rosemary,26.15,54,7.2,6.14,34,1.4,82.74,2
rosemary,12.15,60,6.6,6.17,37,1.32,59.71,1
rosemary,25.21,59,5.3,6.39,41,1.21,73.42,2
rosemary,17.11,60,7.0,6.87,39,1.73,65.6,1
rosemary,25.07,53,7.1,6.56,22,0.97,91.82,2
rosemary,28.73,55,7.7,6.41,43,1.42,77.45,2
rosemary,26.84,53,7.4,6.64,45,2.1,80.79,2
rosemary,30.61,44,8.2,6.77,28,2.18,61.88,1
rosemary,14.09,66,5.5,6.89,66,1.04,41.12,0
rosemary,24.43,44,5.2,6.54,44,1.94,70.97,2
rosemary,21.15,52,6.3,6.42,12,1.78,82.04,2
rosemary,21.72,57,8.1,6.66,32,1.52,74.62,2
rosemary,18.43,52,6.1,6.67,47,1.73,68.55,1
rosemary,27.23,49,8.2,6.6,45,1.24,74.71,2
rosemary,25.25,53,7.6,6.56,51,0.8,82.71,2
rosemary,49.46,53,8.3,6.57,64,1.2,57.91,1
rosemary,35.71,53,5.8,6.57,68,1.99,57.14,1
rosemary,22.65,50,6.5,6.61,11,1.77,84.93,2
rosemary,8.79,68,7.2,6.32,56,1.35,56.85,1
rosemary,48.81,40,6.9,6.71,82,1.72,54.74,1
rosemary,28.45,55,7.2,6.32,65,1.11,75.26,2
rosemary,7.13,60,6.8,6.32,77,1.55,59.15,1
rosemary,24.47,66,7.5,6.49,65,1.82,76.0,2
rosemary,23.19,43,7.9,6.16,68,1.52,67.32,1
rosemary,25.54,59,6.6,6.47,21,1.68,87.52,2
rosemary,18.2,58,8.2,6.68,88,2.01,55.38,1
rosemary,25.47,52,6.5,6.36,47,0.94,82.7,2
rosemary,25.1,44,6.6,6.3,49,1.75,79.45,2
rosemary,21.75,50,8.3,6.48,40,1.59,75.69,2
rosemary,20.85,57,6.7,6.53,57,1.84,76.31,2
rosemary,20.86,48,7.1,6.71,23,1.62,80.18,2
rosemary,30.95,47,7.9,6.34,49,1.06,65.65,1
rosemary,24.27,57,6.8,6.01,62,1.67,74.83,2
rosemary,26.42,48,7.4,6.81,55,1.54,77.2,2
rosemary,23.12,50,7.8,6.47,48,1.94,79.08,2
rosemary,26.09,51,7.0,6.68,47,1.53,86.46,2
rosemary,36.36,50,7.7,6.85,52,1.07,56.67,1
rosemary,26.13,58,7.0,6.25,7,1.56,88.14,2
rosemary,24.93,54,5.0,6.49,32,1.14,77.39,2
rosemary,25.07,62,7.9,6.73,67,1.16,71.54,2
rosemary,33.7,41,8.3,6.68,25,1.42,58.38,1
rosemary,23.05,52,7.3,6.27,41,1.41,82.64,2
rosemary,30.51,56,7.4,6.32,29,1.67,75.29,2
rosemary,26.57,57,6.8,6.04,39,1.63,77.24,2
rosemary,24.35,47,6.0,6.56,35,1.42,81.3,2
rosemary,35.51,52,9.4,6.22,52,2.17,48.32,1
rosemary,15.69,55,6.2,6.58,73,1.94,59.65,1
rosemary,31.67,51,6.8,6.62,62,1.71,71.95,2
rosemary,25.95,55,8.0,7.04,33,2.18,70.19,2
rosemary,23.58,38,7.6,6.68,43,1.57,73.87,2
rosemary,19.13,62,7.1,6.41,73,1.86,67.78,1
rosemary,24.59,53,7.0,6.49,53,0.89,88.06,2
rosemary,23.5,58,9.1,6.56,67,1.98,65.53,1
rosemary,29.26,54,6.3,6.62,46,1.24,75.06,2
rosemary,29.15,45,7.6,6.36,58,1.35,70.86,2
rosemary,39.56,41,6.4,6.53,35,1.41,62.55,1
rosemary,33.64,46,7.1,6.37,59,1.17,65.39,1
rosemary,42.3,47,7.9,6.61,71,1.7,56.61,1
rosemary,29.87,43,8.0,6.69,56,2.21,61.71,1
rosemary,15.75,61,6.8,6.89,53,1.65,58.78,1
rosemary,30.63,44,6.2,6.38,25,1.55,71.42,2
rosemary,23.62,47,6.9,6.71,33,0.82,80.88,2
rosemary,24.0,53,7.5,6.62,46,1.73,83.83,2
rosemary,40.52,60,6.2,6.3,51,1.08,56.11,1
rosemary,6.9,53,6.9,6.47,58,2.02,67.46,1
rosemary,28.14,50,6.3,6.25,61,1.58,72.86,2
rosemary,22.41,48,8.2,6.34,41,1.49,74.01,2
rosemary,44.2,48,7.4,6.47,47,1.64,66.29,1
rosemary,23.67,49,7.6,6.42,4,1.28,87.47,2
rosemary,27.24,45,6.8,6.46,42,1.22,81.32,2
rosemary,40.76,53,5.9,6.27,73,1.41,55.97,1
rosemary,22.88,55,6.8,6.29,44,1.78,80.87,2
rosemary,28.46,55,6.3,6.59,24,1.46,80.9,2
rosemary,27.41,59,6.0,6.19,29,1.57,73.09,2
rosemary,8.58,50,7.7,6.62,51,1.68,62.66,1
rosemary,26.92,50,7.1,6.74,64,1.79,78.52,2
rosemary,31.96,53,7.6,6.6,49,1.07,70.13,2
rosemary,26.39,46,7.3,6.8,58,1.82,75.18,2
rosemary,24.4,61,6.2,6.81,40,1.76,74.49,2
rosemary,25.34,67,7.4,6.78,63,1.09,70.97,2
rosemary,26.04,48,6.8,6.5,53,1.95,83.9,2
rosemary,28.47,53,7.3,5.7,36,1.26,68.17,1
rosemary,26.7,55,8.6,6.4,36,1.71,74.91,2
rosemary,23.22,51,7.5,6.84,59,1.58,76.16,2
rosemary,32.89,52,7.4,6.45,42,1.66,73.12,2
rosemary,29.48,55,5.1,6.43,39,1.4,67.82,1
rosemary,21.36,55,7.3,6.57,36,1.52,82.33,2
rosemary,25.97,47,6.7,6.85,77,2.47,69.66,1
rosemary,25.41,51,7.1,6.54,35,1.56,91.43,2
rosemary,24.44,53,8.4,6.57,50,1.69,78.59,2
rosemary,22.64,58,6.5,6.93,51,0.99,69.79,1
rosemary,25.29,47,7.9,6.75,47,0.63,73.31,2
rosemary,31.87,54,5.6,6.56,50,1.71,65.47,1
rosemary,24.53,49,7.5,6.31,19,1.74,85.5,2
rosemary,22.91,56,6.5,6.43,44,1.41,81.83,2
rosemary,23.67,43,7.6,6.34,30,1.87,77.8,2
rosemary,28.63,50,6.7,6.6,38,1.1,79.56,2
rosemary,24.26,57,7.0,6.21,54,1.78,80.91,2
rosemary,24.2,54,7.7,6.52,64,1.25,81.46,2
rosemary,24.5,50,8.3,6.72,49,1.88,74.45,2
rosemary,23.6,45,7.1,6.32,59,1.96,77.62,2
rosemary,27.07,55,6.2,6.29,56,1.04,73.86,2
rosemary,26.17,49,6.9,6.48,62,1.6,85.05,2
rosemary,23.31,45,7.1,6.36,61,1.66,79.06,2
rosemary,22.58,58,5.1,6.58,48,1.55,68.9,1
rosemary,24.08,52,7.3,6.18,56,1.32,80.31,2
rosemary,22.21,53,7.7,6.65,56,1.28,76.77,2
rosemary,6.79,66,6.6,6.25,38,0.92,55.57,1
rosemary,25.78,50,7.6,6.47,26,0.93,85.28,2
rosemary,30.82,49,6.4,6.16,35,1.21,68.51,1
rosemary,26.36,43,8.4,6.68,72,1.86,65.39,1
rosemary,22.79,55,6.6,6.27,5,1.53,85.62,2
rosemary,22.81,52,7.2,6.21,45,1.64,80.89,2
rosemary,28.05,55,5.8,6.86,67,1.96,64.33,1
rosemary,25.91,52,6.8,6.55,44,1.09,87.04,2
rosemary,6.37,54,7.2,6.13,60,2.02,59.03,1
rosemary,23.07,43,6.6,6.42,65,1.5,76.55,2
rosemary,26.84,51,7.4,6.47,45,1.3,84.39,2
rosemary,24.04,55,7.4,6.28,49,2.22,78.58,2
rosemary,15.33,57,6.5,6.28,57,1.66,60.87,1
rosemary,29.63,48,5.8,6.05,52,0.51,57.66,1
rosemary,27.62,52,8.2,6.26,44,0.98,71.77,2
rosemary,26.6,54,7.3,6.69,57,0.59,77.16,2
rosemary,25.87,54,8.2,6.69,86,1.29,71.22,2
rosemary,48.82,38,5.6,6.67,64,1.32,47.36,1
rosemary,26.24,51,7.5,6.22,34,1.2,80.91,2
rosemary,41.87,44,7.8,6.45,66,1.49,58.42,1
rosemary,25.23,47,6.7,6.7,38,2.34,80.36,2
rosemary,8.63,49,6.7,7.11,44,2.01,54.61,1
rosemary,24.45,52,6.0,6.53,48,1.2,82.14,2
rosemary,24.05,71,8.0,6.28,24,1.83,70.02,2
rosemary,24.26,59,7.8,6.52,27,1.27,83.21,2
rosemary,23.48,49,7.7,6.53,48,0.93,79.3,2
rosemary,25.62,55,5.6,6.35,42,1.18,76.16,2
rosemary,22.05,48,6.0,6.66,46,1.28,73.03,2
rosemary,27.4,55,7.8,6.66,9,1.33,82.36,2
rosemary,30.64,51,7.5,6.33,65,1.63,70.73,2
rosemary,26.76,51,6.5,6.34,55,2.08,77.87,2
rosemary,26.56,43,7.1,6.28,33,1.47,81.17,2
rosemary,36.52,40,7.0,6.55,48,1.89,62.69,1
rosemary,28.24,55,8.5,6.88,53,1.57,65.25,1
rosemary,26.35,53,6.3,6.51,29,1.6,86.91,2
rosemary,22.63,52,7.9,6.48,42,1.39,81.26,2
rosemary,30.48,54,6.4,6.36,43,1.56,74.4,2
rosemary,25.39,58,8.0,6.72,34,1.29,78.11,2
rosemary,26.47,51,6.0,6.79,45,0.82,73.03,2
rosemary,23.29,59,6.1,6.96,45,1.76,69.0,1
rosemary,22.84,54,7.6,6.24,29,1.08,78.84,2
rosemary,27.66,48,7.4,6.59,26,1.79,82.02,2
rosemary,22.58,50,6.9,6.76,55,1.78,78.45,2
rosemary,24.23,53,6.0,6.78,31,1.21,79.18,2
rosemary,29.05,55,7.6,6.9,60,1.11,67.38,1
rosemary,24.35,53,6.7,6.64,33,1.96,86.34,2
rosemary,23.68,62,7.3,6.0,20,1.38,75.95,2
rosemary,30.05,49,6.9,6.34,70,1.67,73.0,2
rosemary,26.36,53,6.9,6.36,30,1.12,87.24,2
rosemary,21.46,64,6.7,6.24,50,1.3,70.43,2
rosemary,23.77,52,6.7,6.19,45,1.25,81.11,2
rosemary,24.47,49,8.2,6.67,24,2.17,77.66,2
rosemary,22.58,59,7.5,6.23,42,1.77,74.76,2
rosemary,24.78,50,5.7,6.33,35,1.43,79.56,2
rosemary,23.36,50,8.4,6.64,73,1.55,71.24,2
rosemary,14.36,46,7.3,6.98,58,1.15,54.21,1
rosemary,23.52,49,6.6,5.94,49,1.66,72.94,2
rosemary,22.12,52,7.5,6.58,59,1.96,77.86,2
rosemary,35.76,52,7.1,6.34,50,1.11,66.66,1
rosemary,24.35,60,7.5,6.73,56,1.42,77.45,2
rosemary,26.45,53,6.7,6.39,35,1.38,86.75,2
rosemary,28.07,58,6.6,6.78,42,1.88,74.06,2
rosemary,23.05,56,6.8,6.55,59,1.16,81.37,2
rosemary,32.81,59,6.6,6.14,50,1.71,62.09,1
rosemary,18.92,60,7.6,6.23,63,1.24,63.14,1
rosemary,24.12,50,7.3,6.21,79,2.16,74.1,2
rosemary,24.85,45,8.1,6.66,41,1.23,76.54,2
rosemary,42.82,56,8.0,6.66,37,1.44,61.61,1
rosemary,23.85,51,7.0,6.83,28,1.55,85.95,2
rosemary,17.91,52,6.7,6.3,61,2.04,67.86,1
rosemary,22.69,61,5.7,6.45,46,1.29,71.91,2
rosemary,24.36,44,6.0,6.0,62,1.63,66.61,1
rosemary,5.47,55,6.5,6.33,45,1.49,64.87,1
rosemary,21.59,47,7.5,6.81,43,1.31,72.84,2
rosemary,25.74,54,5.5,6.75,48,1.63,73.86,2
rosemary,7.33,51,7.4,6.52,31,2.05,68.52,1
rosemary,30.19,56,7.5,6.39,47,1.41,74.41,2
rosemary,24.88,43,7.2,6.45,25,2.0,85.49,2
rosemary,20.43,57,6.4,6.6,48,1.4,74.3,2
rosemary,25.79,54,6.7,6.49,52,1.3,86.64,2
rosemary,27.55,48,8.3,7.08,63,1.2,60.35,1
rosemary,23.52,52,6.6,6.18,33,1.6,82.13,2
rosemary,23.53,55,7.3,6.85,50,1.69,78.22,2
rosemary,23.85,55,6.9,6.53,62,1.31,85.04,2
rosemary,23.45,48,7.2,6.27,53,1.1,78.53,2
rosemary,19.9,49,6.9,6.52,72,1.22,74.86,2
rosemary,23.15,51,5.8,6.31,50,1.41,75.01,2
rosemary,27.55,56,7.0,6.55,36,1.06,84.46,2
rosemary,24.66,51,7.8,6.16,33,1.91,78.86,2
rosemary,23.75,57,7.5,6.67,73,0.77,73.57,2
rosemary,40.7,47,7.5,6.42,54,0.93,60.79,1
rosemary,26.09,54,6.4,6.11,57,1.28,75.38,2
rosemary,41.57,57,6.5,6.7,77,1.72,57.45,1
rosemary,7.86,47,6.1,6.23,47,1.28,56.74,1
rosemary,29.16,47,5.7,6.16,52,0.8,60.9,1
rosemary,41.6,37,8.6,6.55,59,1.28,48.17,1
rosemary,18.89,47,6.2,6.33,35,1.1,68.08,1
rosemary,23.72,52,5.7,6.7,48,0.46,71.33,2
rosemary,25.14,37,8.0,6.88,19,1.93,70.46,2
rosemary,25.01,56,6.7,6.65,47,0.95,83.17,2
rosemary,17.46,46,7.9,6.93,76,1.56,54.51,1
rosemary,19.46,49,6.7,6.29,20,1.63,76.86,2
rosemary,14.5,48,6.9,6.82,24,2.08,63.82,1
rosemary,15.34,49,6.6,6.01,53,1.24,56.91,1
rosemary,25.06,57,7.7,6.71,41,1.89,79.92,2
rosemary,26.15,47,7.1,6.64,55,1.75,81.74,2
rosemary,24.65,44,6.4,6.47,15,1.85,85.21,2
rosemary,21.72,48,7.3,6.71,28,1.23,78.94,2
rosemary,25.69,42,6.2,6.67,18,1.44,80.05,2
rosemary,18.72,47,6.6,6.13,54,0.98,63.43,1
rosemary,27.4,53,7.9,6.97,69,1.79,67.44,1
rosemary,24.5,43,7.1,6.58,56,1.21,81.5,2
rosemary,30.13,51,5.9,6.76,31,1.49,70.91,2
rosemary,25.61,59,6.7,6.75,56,1.44,79.33,2
rosemary,44.63,47,6.6,6.51,94,2.04,57.37,1
rosemary,21.64,56,6.8,6.69,45,1.35,78.7,2
rosemary,23.78,57,6.8,6.37,67,1.14,79.39,2
rosemary,21.43,44,6.4,6.37,69,1.24,69.5,1
rosemary,25.59,46,7.7,6.73,42,1.68,78.17,2
rosemary,19.54,59,6.9,6.44,37,1.13,76.09,2
rosemary,48.08,46,6.4,6.44,57,1.67,61.41,1
rosemary,22.41,49,7.2,6.25,37,1.42,80.53,2
rosemary,24.32,48,7.7,6.66,59,1.77,77.71,2
rosemary,28.49,46,5.8,6.43,28,1.45,74.47,2
rosemary,31.51,53,6.4,6.7,34,1.16,71.62,2
rosemary,27.57,46,6.8,6.44,33,1.88,81.65,2
rosemary,24.67,58,7.4,6.52,47,1.6,85.43,2
rosemary,24.62,55,8.3,6.44,40,1.87,79.23,2
rosemary,25.15,55,7.2,6.62,55,1.23,85.09,2
rosemary,28.54,55,6.8,6.26,86,1.96,70.53,2
rosemary,28.63,51,6.7,6.47,41,1.63,82.48,2
rosemary,28.11,58,6.9,6.25,44,2.23,74.79,2
rosemary,22.21,55,7.2,6.43,58,1.41,81.28,2
rosemary,25.62,61,7.6,6.05,58,1.67,71.02,2
rosemary,29.22,42,6.6,6.51,66,1.71,71.58,2
rosemary,27.61,52,6.6,6.04,33,1.17,75.92,2
rosemary,32.87,62,8.9,6.72,44,1.34,52.82,1
rosemary,7.24,57,8.1,6.13,58,1.21,51.91,1
rosemary,32.89,44,6.9,6.84,54,2.04,61.16,1
rosemary,36.25,45,7.1,5.57,44,1.95,47.61,1
rosemary,28.61,57,6.2,6.5,41,1.7,77.22,2
rosemary,19.64,41,6.6,6.68,47,1.84,67.37,1
rosemary,27.41,56,6.4,6.55,65,1.44,77.99,2
rosemary,36.16,54,5.7,6.43,55,1.64,59.39,1
rosemary,48.24,39,6.7,6.75,74,1.32,53.18,1
rosemary,25.16,42,6.9,6.54,55,1.89,82.02,2
rosemary,46.21,34,6.8,6.56,37,1.58,60.51,1
rosemary,26.8,54,6.2,6.46,42,1.45,82.45,2
rosemary,29.41,48,7.2,6.54,58,1.3,76.89,2
rosemary,23.39,52,7.5,6.7,44,1.04,80.14,2
rosemary,25.43,51,6.6,5.99,50,1.61,77.35,2
rosemary,48.93,41,6.7,6.17,38,0.73,54.97,1
rosemary,26.68,55,7.8,6.13,45,1.37,74.66,2
rosemary,22.74,58,6.5,6.7,52,1.17,75.35,2
rosemary,25.61,56,5.5,6.13,54,1.13,68.47,1
rosemary,29.3,41,7.1,6.56,34,1.44,77.39,2
rosemary,32.06,51,5.6,6.14,36,1.07,59.99,1
rosemary,8.59,61,7.0,6.94,69,1.12,54.34,1
rosemary,47.51,42,8.5,6.84,55,1.51,47.74,1
rosemary,25.93,60,7.2,6.57,51,1.28,82.35,2
rosemary,29.13,49,6.5,5.97,53,1.8,66.22,1
rosemary,24.1,57,7.7,6.35,53,1.06,77.48,2
rosemary,21.76,46,6.6,6.36,32,1.63,78.6,2
rosemary,18.81,50,7.0,6.34,37,0.96,74.93,2
rosemary,27.52,54,8.3,6.69,40,2.21,71.25,2
rosemary,48.27,49,6.4,6.32,50,1.69,61.71,1
rosemary,8.68,65,7.0,5.91,41,2.07,51.99,1
rosemary,24.38,54,6.3,6.14,58,1.38,76.52,2
rosemary,48.98,47,7.3,6.47,57,1.46,65.51,1
rosemary,24.54,55,7.4,6.6,34,1.18,86.12,2
rosemary,24.43,47,7.5,6.39,47,1.29,81.85,2
rosemary,16.46,55,6.0,6.44,32,1.77,66.8,1
rosemary,47.07,43,7.1,6.24,54,1.29,59.59,1
rosemary,45.62,53,7.0,6.67,39,1.38,70.13,2
rosemary,27.5,39,7.1,6.61,57,1.89,73.86,2
rosemary,25.79,50,5.9,6.42,47,1.99,77.91,2
rosemary,26.35,45,6.2,6.28,55,1.62,73.94,2
rosemary,24.11,49,6.9,6.46,42,2.09,85.62,2
rosemary,26.24,45,6.9,6.53,36,1.47,86.38,2
rosemary,23.56,39,6.8,6.96,38,1.58,72.49,2
rosemary,40.74,53,5.7,6.76,27,1.57,60.54,1
rosemary,27.78,47,6.4,6.73,61,2.02,70.73,2
rosemary,11.28,57,6.6,6.58,42,1.68,65.8,1
rosemary,25.84,47,6.9,6.82,34,1.55,82.76,2
rosemary,37.41,54,6.7,6.61,57,1.25,65.26,1
rosemary,23.57,56,6.2,6.74,56,2.02,73.64,2
rosemary,25.25,46,8.8,6.22,22,1.13,71.51,2
rosemary,25.25,44,7.8,7.07,42,2.03,68.35,1
rosemary,16.88,63,7.4,6.36,43,1.55,65.27,1
rosemary,24.53,38,5.7,6.36,29,0.91,70.72,2
rosemary,5.76,51,7.1,6.96,57,1.87,59.16,1
rosemary,25.31,52,7.9,6.65,50,1.79,80.74,2
rosemary,27.5,52,6.7,6.29,45,1.42,81.42,2
rosemary,24.44,48,6.1,6.63,38,1.29,80.35,2
rosemary,40.19,46,7.6,6.52,42,1.83,63.55,1
rosemary,35.79,54,6.1,6.33,65,2.04,56.96,1
rosemary,23.32,59,7.5,6.38,48,1.72,78.63,2
rosemary,25.55,42,6.2,6.32,25,1.59,78.98,2
rosemary,24.15,59,6.6,6.08,61,0.92,71.39,2
rosemary,23.45,61,6.8,6.35,86,1.54,74.81,2
rosemary,18.14,52,5.9,6.3,58,1.32,64.54,1
rosemary,18.33,55,8.9,6.66,65,1.21,56.97,1
rosemary,23.57,52,5.6,6.4,52,1.51,76.86,2
rosemary,32.76,41,7.5,6.8,43,1.88,59.79,1
rosemary,12.62,58,6.7,6.64,57,1.63,62.86,1
rosemary,23.68,58,7.7,6.42,43,1.23,79.72,2
rosemary,30.71,52,7.7,6.32,46,0.98,70.26,2
rosemary,22.54,46,7.8,6.74,56,1.66,71.58,2
rosemary,25.45,48,7.4,6.55,45,1.36,85.27,2
rosemary,7.24,54,7.5,6.31,43,1.03,63.06,1
rosemary,26.73,52,7.7,6.78,27,1.64,80.83,2
rosemary,25.79,49,6.6,7.17,74,1.02,66.95,1
rosemary,36.65,56,5.9,6.62,42,1.31,60.3,1
rosemary,26.96,39,6.4,6.76,42,1.64,71.58,2
rosemary,24.64,59,7.4,6.4,12,1.18,87.07,2
rosemary,24.09,52,6.3,6.37,47,1.25,82.07,2
rosemary,26.03,54,6.7,6.9,38,1.22,79.96,2
rosemary,6.05,52,5.6,6.44,47,1.45,61.04,1
rosemary,7.37,52,8.6,6.8,69,1.59,51.39,1
rosemary,29.47,49,6.4,6.34,55,2.18,70.0,2
rosemary,25.25,41,6.7,6.12,40,1.32,76.14,2
rosemary,30.75,39,7.5,6.32,63,1.59,63.6,1
rosemary,25.65,57,6.8,6.61,45,1.47,85.72,2
rosemary,23.27,48,7.4,6.67,53,1.86,78.07,2
rosemary,37.59,40,7.9,6.52,45,1.39,58.37,1
rosemary,26.9,53,7.5,6.44,42,1.37,84.3,2
rosemary,25.11,50,7.2,6.72,46,1.32,84.91,2
rosemary,20.93,48,6.3,6.47,35,2.03,75.66,2
rosemary,27.64,54,6.8,6.47,26,1.39,87.46,2
rosemary,26.45,48,7.3,6.56,56,2.07,80.1,2
rosemary,40.65,47,6.6,6.58,54,1.44,64.09,1
rosemary,34.99,50,6.8,6.75,75,1.75,60.06,1
rosemary,24.88,56,7.6,6.4,60,1.47,82.44,2
rosemary,12.43,53,7.7,6.33,54,1.18,61.74,1
rosemary,25.96,52,6.3,6.19,61,1.64,76.92,2
rosemary,24.2,59,6.8,6.43,62,0.84,79.44,2
rosemary,25.55,49,5.0,6.56,64,1.7,70.46,2
rosemary,24.82,49,7.8,6.08,34,1.75,77.03,2
rosemary,18.66,54,6.4,6.12,36,1.39,68.63,1
rosemary,16.42,58,8.7,6.93,22,1.22,53.65,1
rosemary,17.46,62,7.5,6.68,56,2.06,61.07,1
rosemary,25.44,51,8.4,6.73,58,1.44,74.53,2
rosemary,12.63,51,6.8,6.67,51,1.56,66.61,1
rosemary,22.31,44,7.0,6.99,52,2.03,69.64,1
rosemary,21.79,51,6.9,6.74,69,1.58,76.87,2
rosemary,22.74,53,6.4,6.84,36,1.61,78.19,2
rosemary,28.93,43,7.4,6.73,59,1.42,70.01,2
rosemary,23.11,60,8.0,6.64,60,1.57,72.5,2
rosemary,24.48,64,7.7,6.29,24,1.11,77.23,2
rosemary,22.96,51,7.0,5.93,51,0.81,72.88,2
rosemary,46.15,47,7.0,6.42,48,1.48,68.14,1
rosemary,26.61,55,7.8,6.44,29,1.7,82.94,2
rosemary,24.42,43,6.9,6.89,72,1.48,74.2,2
rosemary,21.81,50,6.2,6.46,81,2.02,71.15,2
rosemary,25.33,65,7.4,6.34,12,1.39,83.38,2
rosemary,23.46,47,7.3,6.38,31,1.87,82.69,2
rosemary,33.78,39,7.5,6.36,27,1.99,61.48,1
rosemary,19.65,49,7.0,6.22,38,2.68,70.27,2
rosemary,13.06,45,8.2,6.18,47,1.76,52.09,1
rosemary,24.28,49,6.3,6.34,43,1.62,81.27,2
rosemary,20.54,50,5.5,6.95,47,2.1,59.62,1
rosemary,20.15,58,7.0,6.41,51,1.73,76.76,2
rosemary,22.78,49,7.1,6.34,56,1.19,79.96,2
rosemary,28.61,57,6.8,6.15,32,1.59,76.56,2
rosemary,29.49,48,5.8,6.66,42,1.06,67.92,1
rosemary,23.37,51,6.8,6.31,53,1.47,82.82,2
rosemary,13.13,53,8.0,6.74,41,1.65,60.79,1
rosemary,18.96,59,6.2,6.33,23,2.2,67.83,1
rosemary,25.77,55,5.6,6.26,37,1.04,74.07,2
rosemary,24.52,51,6.9,6.67,43,1.46,87.65,2
rosemary,9.4,49,8.7,6.78,0,1.57,59.2,1
rosemary,30.13,45,6.9,7.19,47,1.06,61.78,1
rosemary,32.62,35,5.9,6.36,48,0.98,53.75,1
rosemary,17.11,54,7.6,6.55,77,1.45,66.57,1
rosemary,20.34,57,7.7,6.4,35,1.38,75.13,2
rosemary,24.47,46,7.5,6.56,59,1.92,79.56,2
rosemary,25.34,48,6.9,6.79,20,1.48,87.11,2
rosemary,25.93,49,7.0,6.46,52,1.76,86.51,2
rosemary,23.53,59,6.1,6.23,52,0.87,70.43,2
rosemary,21.54,41,7.0,6.52,24,2.02,79.75,2
rosemary,25.71,53,5.1,6.9,52,1.59,68.15,1
rosemary,7.14,53,7.2,6.64,48,1.45,68.29,1
rosemary,28.32,60,6.8,6.18,37,0.85,72.42,2
rosemary,22.97,48,6.7,6.51,31,1.34,85.56,2
rosemary,15.55,53,6.3,6.18,57,1.81,59.46,1
rosemary,25.18,52,7.1,6.49,52,1.46,90.76,2
rosemary,20.82,60,7.0,6.6,72,1.02,72.45,2
rosemary,28.63,39,6.6,6.47,50,1.65,73.15,2
rosemary,25.02,56,7.0,6.82,56,1.06,81.26,2
rosemary,25.19,53,7.0,6.38,65,1.26,86.43,2
rosemary,24.84,56,6.8,6.82,48,1.46,82.62,2
rosemary,25.42,59,7.1,7.04,31,1.3,78.28,2
rosemary,26.71,55,6.1,6.86,36,1.39,75.44,2
rosemary,28.77,53,7.1,6.39,62,1.37,79.7,2
rosemary,26.96,39,6.3,6.34,37,1.39,73.69,2
rosemary,34.07,46,7.2,6.55,61,1.76,65.45,1
rosemary,25.58,51,7.3,6.25,42,1.8,83.19,2
rosemary,40.53,49,6.8,6.7,20,1.8,68.04,1
rosemary,25.17,52,7.2,6.7,49,0.88,83.76,2
rosemary,25.07,58,7.9,6.19,36,2.02,75.87,2
rosemary,27.53,54,8.9,6.14,33,1.07,65.73,1
rosemary,26.3,55,6.4,6.31,30,1.25,82.06,2
rosemary,26.05,59,7.0,6.25,46,1.82,80.83,2
rosemary,26.37,40,7.8,6.42,42,1.39,75.61,2
rosemary,29.92,53,7.5,6.97,29,1.29,71.52,2
rosemary,32.91,48,5.9,6.4,90,1.26,57.17,1
rosemary,30.37,60,7.2,6.16,55,1.75,67.35,1
rosemary,25.19,50,6.9,6.42,46,1.54,89.0,2
rosemary,32.15,62,5.8,6.21,57,1.65,56.31,1
rosemary,25.56,44,7.2,6.45,39,1.8,84.21,2
rosemary,23.45,51,6.8,6.52,38,1.3,87.67,2
rosemary,25.96,50,5.7,6.36,20,1.43,80.82,2
rosemary,23.73,53,5.4,6.16,47,1.2,70.15,2
rosemary,22.29,56,6.8,6.32,45,1.71,79.9,2
rosemary,25.66,56,7.7,6.83,33,1.43,79.67,2
rosemary,25.19,51,6.7,6.61,56,1.95,84.02,2
rosemary,28.3,60,7.9,6.09,44,1.86,65.86,1
rosemary,24.96,50,7.9,6.2,81,0.92,71.2,2
rosemary,33.81,53,7.5,6.55,61,1.52,68.52,1
rosemary,31.77,48,8.3,6.54,20,1.84,68.65,1
rosemary,27.58,45,5.9,6.79,33,0.98,68.98,1
rosemary,31.23,52,7.4,6.33,54,1.76,71.83,2
rosemary,23.16,50,5.6,6.63,45,1.21,73.84,2
rosemary,25.25,60,5.2,6.37,37,0.67,69.46,1
rosemary,25.15,48,6.2,6.28,48,1.6,79.24,2
rosemary,26.5,48,6.5,6.39,56,1.36,79.65,2
rosemary,27.63,39,7.7,6.45,48,1.19,71.98,2
rosemary,20.23,62,7.8,6.48,42,1.47,72.21,2
rosemary,20.31,57,7.5,6.55,42,0.69,73.12,2
rosemary,32.3,54,7.0,5.97,57,1.49,65.71,1
rosemary,21.52,48,4.8,6.67,65,1.25,61.4,1
rosemary,28.1,57,7.1,6.51,73,0.64,75.42,2
rosemary,23.39,52,7.2,6.68,46,1.59,84.36,2
rosemary,23.24,47,7.3,6.49,53,0.8,79.66,2
rosemary,46.0,51,7.1,6.48,59,1.34,68.72,1
rosemary,24.09,48,7.6,6.2,70,2.01,72.43,2
rosemary,21.3,57,7.5,6.78,55,1.33,71.84,2
rosemary,19.53,54,6.7,6.68,48,1.01,73.0,2
rosemary,19.34,49,6.8,7.04,80,1.57,62.5,1
rosemary,29.08,49,7.6,6.28,56,1.84,71.14,2
rosemary,21.65,60,5.5,6.81,75,1.87,58.79,1
rosemary,23.94,60,7.3,6.81,68,1.25,73.97,2
rosemary,21.73,53,7.3,6.63,67,1.86,76.94,2
rosemary,22.71,49,6.7,6.75,55,1.7,77.21,2
rosemary,25.43,56,6.8,6.65,30,1.04,85.95,2
rosemary,24.53,62,6.0,7.32,19,0.97,64.1,1
rosemary,25.36,43,6.1,6.37,42,1.07,76.08,2
rosemary,24.62,59,6.9,6.2,52,1.71,80.11,2
rosemary,23.09,46,7.0,6.83,58,1.27,76.24,2
rosemary,30.8,49,8.0,6.63,51,2.08,66.01,1
rosemary,29.84,40,6.3,6.74,56,1.52,64.67,1
rosemary,26.67,59,7.0,6.41,50,1.54,83.62,2
rosemary,29.52,52,8.5,6.5,51,1.44,71.82,2
rosemary,41.2,45,6.7,5.91,57,0.68,49.21,1
rosemary,32.15,47,6.2,6.47,35,1.82,69.2,1
rosemary,31.07,34,7.3,6.36,0,1.52,71.61,2
rosemary,26.4,52,7.3,6.3,44,1.23,83.01,2
rosemary,21.44,53,6.9,6.42,48,1.59,82.92,2
rosemary,25.24,44,5.0,6.8,46,1.45,66.6,1
rosemary,20.46,54,6.3,6.12,22,1.86,72.23,2
rosemary,22.84,46,7.6,6.54,52,1.75,77.8,2
rosemary,27.84,65,7.1,6.61,23,1.86,78.78,2
rosemary,26.41,45,5.8,6.61,49,1.23,73.13,2
rosemary,24.31,53,7.0,6.92,45,1.08,81.39,2
rosemary,23.27,45,6.9,6.62,51,1.0,79.1,2
rosemary,25.03,57,5.9,6.19,48,1.34,75.13,2
rosemary,24.27,51,6.5,6.62,65,2.02,79.6,2
rosemary,35.03,57,6.7,5.9,40,1.52,57.24,1
rosemary,29.39,52,7.6,6.54,74,1.76,73.75,2
rosemary,24.09,63,6.1,6.44,15,1.34,80.99,2
rosemary,33.37,42,5.5,6.7,38,1.82,54.68,1
rosemary,23.7,49,6.3,5.58,49,0.9,61.65,1
rosemary,23.72,60,7.9,6.49,56,1.35,77.24,2
rosemary,31.65,49,7.3,6.59,59,1.72,71.02,2
rosemary,5.59,62,6.4,6.48,70,1.63,58.75,1
rosemary,24.89,58,8.3,6.4,26,1.29,79.97,2
rosemary,24.26,62,7.6,6.72,39,1.19,76.8,2
rosemary,25.03,51,6.4,6.88,31,1.78,81.11,2
rosemary,25.39,65,6.0,6.43,19,1.51,80.06,2
rosemary,38.38,41,5.1,6.44,43,1.86,49.71,1
rosemary,19.58,60,7.6,6.51,29,2.06,73.02,2
rosemary,28.93,52,6.8,6.38,60,1.43,79.02,2
rosemary,10.28,47,5.9,6.17,32,0.54,52.48,1
rosemary,25.18,57,7.7,6.14,58,1.74,75.0,2
rosemary,28.74,49,8.4,6.34,56,1.75,67.47,1
rosemary,24.71,50,6.5,6.35,50,1.7,83.03,2
rosemary,25.79,58,6.4,6.34,43,1.34,80.48,2
rosemary,25.67,57,8.1,6.37,45,1.32,77.78,2
rosemary,24.32,50,6.9,6.84,50,1.3,81.45,2
rosemary,18.12,61,7.2,6.49,53,1.27,70.72,2
rosemary,23.62,58,6.2,6.89,37,1.55,74.6,2
rosemary,19.17,55,7.1,6.44,72,1.93,72.45,2
rosemary,24.94,53,6.2,6.43,65,1.69,81.94,2
rosemary,35.76,53,7.2,6.55,48,1.27,69.19,1
rosemary,23.47,44,6.0,6.5,35,0.52,74.44,2
rosemary,22.24,58,7.1,6.52,63,2.03,78.38,2
rosemary,43.54,43,8.6,6.86,41,1.85,47.49,1
rosemary,17.63,45,8.4,6.66,44,1.53,60.62,1
rosemary,45.06,51,7.6,6.53,45,1.44,67.27,1
rosemary,9.94,58,7.4,7.0,52,1.26,55.07,1
rosemary,43.83,58,6.9,6.56,64,1.69,64.66,1
rosemary,22.21,43,7.4,6.67,36,1.4,76.68,2
rosemary,26.27,51,6.6,6.19,77,1.79,74.91,2
rosemary,26.28,61,6.0,6.22,34,1.35,73.63,2
rosemary,23.49,60,6.2,6.43,54,1.32,76.47,2
rosemary,25.49,44,7.1,6.01,56,1.48,75.27,2
rosemary,28.76,49,6.3,6.78,59,1.24,69.8,1
rosemary,21.01,56,7.7,6.21,61,1.88,68.26,1
rosemary,24.33,56,7.4,6.31,50,1.51,82.57,2
rosemary,23.63,60,6.9,6.65,56,1.9,79.01,2
rosemary,18.99,46,7.8,6.08,44,1.1,61.39,1
rosemary,29.88,48,6.0,6.66,35,1.19,70.29,2
rosemary,24.92,58,8.9,6.52,48,1.04,72.73,2
rosemary,26.61,49,6.8,6.42,36,2.19,82.99,2
rosemary,25.07,58,6.5,6.32,48,2.25,78.6,2
rosemary,30.59,53,6.9,6.67,54,1.3,75.66,2
rosemary,39.6,46,7.4,6.76,34,1.99,60.59,1
rosemary,42.02,34,7.6,6.26,46,2.47,48.18,1
rosemary,22.8,52,8.6,6.59,43,1.06,73.16,2
rosemary,46.28,45,6.2,6.37,71,1.1,54.76,1
rosemary,20.09,48,7.4,6.37,49,2.37,70.53,2
rosemary,23.65,61,5.6,6.53,36,1.22,74.56,2
rosemary,20.86,42,6.5,6.19,57,1.25,66.08,1
rosemary,26.27,50,9.2,6.68,61,1.36,67.95,1
rosemary,25.1,61,7.8,6.54,49,1.78,79.5,2
rosemary,28.94,49,6.5,6.4,39,1.64,78.0,2
rosemary,26.76,52,6.4,6.63,57,1.85,79.19,2
rosemary,26.35,54,7.5,6.42,42,1.38,84.45,2
rosemary,26.02,68,9.0,6.51,45,1.13,65.18,1
rosemary,24.18,42,6.6,6.22,40,2.01,75.2,2
rosemary,24.69,51,7.7,6.61,31,1.5,86.6,2
rosemary,31.05,54,6.6,6.49,61,1.18,73.49,2
rosemary,39.14,58,8.1,6.16,48,1.69,53.84,1
rosemary,32.6,35,7.6,6.71,46,1.46,58.83,1
rosemary,23.4,52,6.0,6.59,65,1.67,77.06,2
rosemary,25.29,52,7.6,6.21,46,1.45,82.0,2
rosemary,23.71,50,6.7,6.63,44,1.73,83.63,2
rosemary,33.32,49,7.0,6.17,27,1.44,70.5,2
rosemary,25.88,51,8.1,6.72,74,1.46,73.92,2
rosemary,25.7,49,6.6,6.28,60,1.14,78.73,2
rosemary,25.38,52,8.3,5.9,52,1.55,69.51,1
rosemary,25.44,47,7.8,6.41,35,1.5,83.02,2
rosemary,22.13,59,8.1,6.62,53,1.48,72.04,2
rosemary,25.42,44,8.2,6.89,40,1.82,69.95,1
rosemary,12.51,58,5.8,6.35,57,1.8,55.06,1
rosemary,45.55,57,8.0,6.16,87,1.63,49.92,1
rosemary,20.8,56,7.7,5.78,39,1.18,62.68,1
rosemary,43.5,48,8.3,6.07,49,1.1,49.95,1
rosemary,23.65,43,7.6,6.62,54,1.32,76.09,2
rosemary,24.98,47,7.2,6.7,58,1.96,80.57,2
rosemary,24.74,58,7.6,6.46,46,1.48,84.21,2
rosemary,24.36,63,7.7,6.41,54,1.74,76.46,2
rosemary,28.29,58,7.3,6.58,26,1.82,80.96,2
rosemary,25.76,50,6.2,6.83,18,1.5,81.81,2
rosemary,20.33,62,7.2,6.32,66,1.77,69.08,1
rosemary,20.15,56,7.9,6.43,63,1.85,69.3,1
rosemary,23.91,54,9.1,6.44,22,1.6,77.08,2
rosemary,21.82,47,7.1,6.18,49,1.43,75.84,2
rosemary,43.09,45,7.9,6.38,45,1.2,58.42,1
rosemary,29.75,47,6.8,6.51,43,1.17,77.71,2
rosemary,25.85,53,7.6,6.53,38,0.99,84.92,2
rosemary,24.96,52,7.2,6.78,50,1.57,85.03,2
rosemary,11.73,54,8.3,6.46,60,1.64,59.28,1
rosemary,25.79,59,5.5,6.25,26,1.32,73.66,2
rosemary,25.65,46,7.6,7.2,45,2.26,66.07,1
rosemary,15.07,48,6.3,6.61,41,1.39,63.58,1
rosemary,26.04,64,6.0,6.55,47,1.01,73.36,2
rosemary,26.97,58,7.4,6.41,30,1.66,82.87,2
rosemary,23.7,44,6.6,6.6,47,1.68,79.69,2
rosemary,24.75,54,6.3,6.27,56,1.75,79.5,2
rosemary,23.18,54,6.6,6.86,43,1.84,77.42,2
rosemary,26.31,53,4.6,6.48,33,1.54,76.77,2
rosemary,33.4,53,7.2,6.49,47,1.47,74.34,2
rosemary,24.37,56,5.5,6.52,40,1.38,78.68,2
rosemary,30.6,58,6.2,6.49,18,1.23,75.38,2
rosemary,30.27,54,6.2,6.14,64,1.2,64.72,1
rosemary,23.68,55,5.8,6.41,44,1.51,78.72,2
rosemary,27.48,58,6.3,6.3,34,2.04,74.93,2
rosemary,26.42,54,6.2,6.28,10,1.35,83.68,2
rosemary,25.12,63,5.9,6.23,40,1.75,72.85,2
rosemary,26.38,59,7.2,6.37,49,1.21,80.79,2
rosemary,26.29,42,7.8,6.55,66,1.18,73.09,2
rosemary,25.68,54,6.6,6.71,51,1.28,82.15,2
rosemary,30.99,50,8.6,6.5,38,1.43,68.74,1
rosemary,13.04,56,7.5,6.61,73,1.95,59.27,1
rosemary,18.98,52,7.6,6.49,55,1.35,74.35,2
rosemary,22.6,46,6.4,6.73,38,1.71,75.72,2
rosemary,44.06,46,5.6,6.31,49,1.49,54.75,1
rosemary,16.65,61,7.7,6.72,52,1.11,59.17,1
rosemary,25.98,49,6.4,6.32,48,1.59,80.53,2
rosemary,23.67,48,6.8,6.25,51,1.68,79.95,2
rosemary,24.51,51,6.9,6.79,59,1.93,80.99,2
rosemary,26.67,60,6.2,6.54,52,0.88,74.83,2
rosemary,27.49,42,7.1,6.11,46,1.31,72.65,2
rosemary,20.51,55,7.9,6.5,52,1.57,74.99,2
rosemary,29.14,53,7.5,6.92,39,1.51,73.65,2
rosemary,37.2,43,5.9,6.42,45,1.93,55.87,1
rosemary,29.3,43,6.8,6.61,53,1.09,72.38,2
rosemary,29.42,55,7.1,6.57,47,1.27,79.65,2
rosemary,28.2,45,7.4,6.74,34,1.65,75.69,2
rosemary,19.81,63,6.8,6.52,60,2.1,69.85,1
rosemary,28.11,58,7.5,6.34,45,1.16,75.4,2
rosemary,20.42,54,5.9,6.52,47,1.86,72.78,2
rosemary,32.26,48,7.5,7.15,39,1.61,59.91,1
rosemary,25.5,47,7.6,6.89,56,1.81,73.85,2
rosemary,16.58,54,7.3,6.9,75,1.67,60.45,1
rosemary,25.97,62,7.6,6.44,44,1.58,79.97,2
rosemary,25.56,55,8.0,6.53,52,1.32,80.95,2
rosemary,25.72,53,6.3,6.23,56,1.28,78.51,2
rosemary,23.39,56,7.2,6.32,28,1.96,83.28,2
rosemary,24.36,34,5.8,6.56,61,0.82,65.31,1
rosemary,36.48,45,7.7,6.48,61,1.56,60.84,1
rosemary,29.74,43,6.3,6.72,41,1.21,67.86,1
rosemary,29.1,51,6.7,6.52,57,0.89,77.06,2
rosemary,25.87,59,6.2,6.8,37,1.37,76.42,2
rosemary,5.39,55,7.0,6.55,56,1.28,68.4,1
rosemary,36.16,51,6.6,6.59,49,1.55,67.05,1
rosemary,5.1,70,7.6,6.61,72,0.99,49.96,1
rosemary,44.52,44,5.8,6.24,74,1.65,49.38,1
rosemary,27.9,55,6.6,6.5,49,1.65,81.95,2
rosemary,34.74,59,7.3,6.37,56,1.58,63.37,1
rosemary,11.78,55,6.1,6.39,40,1.71,62.79,1
rosemary,24.13,56,8.7,6.36,27,1.56,76.45,2
rosemary,24.05,52,7.6,6.69,49,1.56,82.2,2
rosemary,27.63,36,8.1,6.66,72,1.82,61.5,1
rosemary,22.11,51,6.4,6.58,25,1.46,83.45,2
rosemary,7.52,62,6.6,6.49,42,1.54,64.9,1
rosemary,22.24,60,7.7,6.76,37,1.53,74.09,2
rosemary,46.47,42,8.6,6.37,58,1.96,48.51,1
rosemary,15.89,54,8.7,6.47,44,1.59,60.79,1
rosemary,17.42,44,5.8,6.18,23,1.07,58.9,1
rosemary,15.36,44,8.5,6.47,38,1.43,57.99,1
rosemary,25.92,41,7.0,6.61,41,1.72,82.1,2
rosemary,35.25,50,7.5,6.42,34,1.2,66.79,1
rosemary,13.0,53,7.6,6.36,71,1.59,61.81,1
rosemary,30.05,50,6.5,6.76,52,1.76,70.72,2
rosemary,25.26,49,5.9,6.16,36,1.49,77.14,2
rosemary,24.01,58,9.9,6.3,63,1.47,66.57,1
rosemary,24.59,53,7.2,6.49,61,1.36,87.77,2
rosemary,20.94,47,7.3,6.93,44,2.3,67.44,1
rosemary,21.49,53,6.9,6.46,61,1.51,82.37,2
rosemary,25.73,54,7.4,6.55,41,1.35,87.03,2
rosemary,23.71,54,7.5,6.71,42,1.77,81.22,2
rosemary,23.74,54,6.7,6.7,21,1.57,86.98,2
rosemary,48.33,36,7.5,6.14,40,1.09,51.39,1
rosemary,27.54,49,6.4,6.22,53,1.17,73.5,2
rosemary,23.59,56,4.9,7.19,39,1.95,58.46,1
rosemary,25.41,47,6.0,6.54,52,1.74,78.95,2
rosemary,31.99,49,6.2,6.8,27,1.23,66.71,1
rosemary,22.26,58,7.3,6.42,54,1.44,79.36,2
rosemary,29.18,53,7.3,6.27,44,1.68,77.3,2
rosemary,20.34,59,7.3,6.82,39,1.09,70.51,2
rosemary,26.18,54,7.2,6.16,56,1.31,79.49,2
rosemary,28.7,52,7.6,6.74,64,1.3,72.86,2
rosemary,10.63,44,7.0,6.38,67,1.49,62.88,1
rosemary,26.24,52,7.6,6.59,31,1.4,85.99,2
rosemary,30.27,60,6.0,6.68,59,1.47,65.28,1
rosemary,25.08,60,6.2,6.53,40,1.34,82.23,2
rosemary,22.94,58,7.1,6.47,86,1.68,78.04,2
rosemary,25.58,51,7.3,6.36,62,1.41,83.58,2
rosemary,26.29,41,5.9,6.57,65,0.92,68.68,1
rosemary,24.27,49,7.4,6.3,58,1.34,80.35,2
rosemary,27.23,50,8.8,6.18,42,1.48,68.04,1
rosemary,24.56,46,7.0,6.63,50,1.74,84.28,2
rosemary,19.8,61,7.3,6.39,46,1.19,71.93,2
rosemary,26.85,45,7.7,6.25,54,1.33,72.99,2
rosemary,26.66,55,6.6,6.3,42,1.51,82.13,2
rosemary,25.96,42,5.9,6.76,58,1.41,69.59,1
rosemary,31.96,53,6.4,6.83,36,1.87,67.69,1
rosemary,23.95,68,7.6,6.7,32,1.25,74.28,2
rosemary,30.75,38,6.2,6.51,29,1.81,67.91,1
rosemary,21.61,49,5.8,7.05,27,1.03,64.91,1
rosemary,26.42,51,7.0,6.71,67,2.1,79.49,2
rosemary,42.83,41,5.8,6.42,79,1.17,49.56,1
rosemary,23.21,61,7.2,6.0,58,1.77,70.18,2
rosemary,31.35,56,6.9,6.42,66,1.13,71.57,2
rosemary,20.72,53,7.2,6.48,60,1.61,80.12,2
rosemary,26.3,52,7.8,5.88,19,1.64,75.29,2
rosemary,27.17,47,6.6,6.71,35,1.41,79.71,2
rosemary,24.41,51,7.7,6.31,45,0.84,79.14,2
rosemary,21.72,55,7.2,6.42,42,1.29,81.79,2
rosemary,25.05,50,6.7,6.47,59,2.3,83.12,2
rosemary,18.02,50,4.6,6.17,48,1.95,53.83,1
rosemary,23.77,45,7.3,6.57,67,1.63,79.17,2
rosemary,25.02,55,7.3,6.19,45,1.42,83.18,2
rosemary,19.05,45,7.2,6.48,56,1.66,72.9,2
rosemary,27.34,44,7.3,6.67,66,1.33,74.29,2
rosemary,23.1,60,8.6,6.83,49,1.44,65.8,1
rosemary,19.07,46,8.3,6.22,62,1.04,57.73,1
rosemary,19.56,61,6.8,6.4,43,1.29,73.33,2
rosemary,18.59,54,6.2,6.05,62,1.75,61.17,1
rosemary,45.27,53,7.3,7.04,28,1.56,62.35,1
rosemary,25.54,53,6.5,5.85,62,1.23,71.66,2
rosemary,30.66,48,6.1,6.72,41,1.62,68.37,1
rosemary,24.72,50,7.3,6.45,51,1.64,86.7,2
rosemary,5.95,54,7.0,6.77,28,1.12,67.8,1
rosemary,25.36,56,7.4,6.61,21,1.67,88.13,2
rosemary,20.8,47,7.8,6.84,69,1.48,65.54,1
rosemary,28.21,59,8.2,6.72,41,1.69,69.47,1
rosemary,25.33,46,7.5,6.33,41,2.21,78.88,2
rosemary,30.26,53,6.3,6.15,67,1.02,64.96,1
rosemary,10.87,54,7.3,6.5,44,1.42,70.16,2
rosemary,10.29,60,7.0,6.69,24,1.4,67.77,1
rosemary,17.08,59,6.5,6.09,52,1.18,59.28,1
rosemary,24.06,51,4.9,6.46,22,2.07,75.43,2
rosemary,26.34,44,7.5,6.34,60,1.33,75.85,2
rosemary,30.48,46,6.8,6.65,41,1.75,73.53,2
rosemary,28.51,44,6.7,6.63,52,1.82,74.0,2
rosemary,24.8,54,5.7,6.57,50,1.31,79.46,2
rosemary,24.81,52,6.6,6.37,40,1.14,86.21,2
rosemary,47.24,46,6.3,6.4,84,1.91,54.8,1
rosemary,21.17,62,7.4,6.24,51,1.26,69.95,1
rosemary,32.19,58,6.7,6.5,47,1.73,72.21,2
rosemary,22.06,56,7.5,6.52,37,1.56,82.28,2
rosemary,25.08,54,6.9,6.21,62,0.59,78.98,2
rosemary,20.57,64,7.1,6.26,61,1.83,68.33,1
rosemary,22.23,49,7.6,6.63,65,1.6,75.47,2
rosemary,25.26,42,7.4,6.05,39,1.59,75.16,2
rosemary,26.93,47,6.8,6.83,70,1.32,73.84,2
rosemary,23.52,55,7.1,6.25,36,1.29,83.6,2
rosemary,27.26,46,8.2,6.41,55,1.71,71.87,2
rosemary,24.93,58,7.2,6.38,52,1.43,84.88,2
rosemary,26.69,57,5.7,6.29,64,1.34,70.03,2
rosemary,24.52,48,6.3,5.99,63,1.11,69.94,1
rosemary,26.12,50,7.9,6.62,25,1.46,83.34,2
rosemary,25.87,44,8.6,6.74,33,0.72,67.75,1
rosemary,24.33,55,7.2,6.52,75,1.75,83.3,2
rosemary,23.77,47,6.8,6.37,51,1.34,82.05,2
rosemary,31.76,52,6.8,6.92,39,1.5,70.71,2
rosemary,27.13,49,7.7,6.72,4,1.7,82.42,2
rosemary,17.62,50,5.9,6.62,53,1.79,64.07,1
rosemary,33.75,58,7.7,5.84,84,1.97,46.4,1
rosemary,27.89,62,7.2,6.99,54,1.83,67.86,1
rosemary,24.59,57,7.1,6.8,38,1.53,84.15,2
rosemary,24.28,60,7.0,6.47,33,1.12,86.85,2
rosemary,26.71,54,7.2,6.27,31,0.96,82.45,2
rosemary,26.09,52,8.0,6.57,9,1.52,87.23,2
rosemary,24.09,50,7.4,6.19,42,1.89,79.53,2
rosemary,24.15,57,6.9,6.39,22,1.27,88.36,2
rosemary,24.49,39,6.3,6.09,28,1.39,72.88,2
rosemary,32.82,47,8.6,6.36,22,0.89,60.07,1
rosemary,19.88,58,6.6,5.97,23,1.51,69.52,1
rosemary,12.58,51,8.2,6.43,50,2.11,58.51,1
rosemary,23.88,46,6.9,6.77,29,1.36,82.87,2
rosemary,23.91,47,7.1,6.43,56,1.76,83.07,2
rosemary,36.71,53,7.0,6.83,45,1.59,66.22,1
rosemary,9.37,67,6.1,6.91,64,1.42,46.81,1
rosemary,42.18,45,7.5,6.83,66,1.31,54.77,1
rosemary,37.22,50,7.8,6.76,41,2.01,58.89,1
rosemary,25.76,46,7.1,6.24,27,1.39,84.22,2
rosemary,24.81,43,6.8,6.52,53,1.51,84.4,2
rosemary,25.82,43,6.9,6.61,40,1.08,81.9,2
rosemary,21.17,57,7.1,6.29,39,1.29,78.07,2
rosemary,28.27,57,7.4,5.9,46,1.82,67.59,1
rosemary,26.23,55,7.2,6.25,53,1.75,80.72,2
rosemary,33.8,52,6.5,6.32,36,1.56,69.31,1
rosemary,18.37,55,6.6,7.08,64,1.15,59.75,1
rosemary,20.81,56,7.2,6.57,47,1.98,77.51,2
rosemary,24.66,52,7.2,6.84,37,1.42,85.03,2
rosemary,23.76,48,6.9,6.17,56,1.65,78.72,2
rosemary,26.39,53,7.5,6.8,64,1.56,77.73,2
rosemary,27.37,50,6.2,6.82,45,0.89,71.88,2
rosemary,24.79,61,5.8,6.58,35,1.7,77.88,2
rosemary,22.34,55,6.3,6.46,62,1.88,76.37,2
rosemary,23.81,66,6.4,6.67,51,1.66,73.53,2
rosemary,30.78,48,6.0,7.02,24,1.68,63.51,1
rosemary,25.25,53,6.2,6.82,54,1.36,78.39,2
rosemary,24.52,55,6.8,6.81,80,1.4,77.91,2
rosemary,29.73,47,7.0,6.47,39,1.42,80.67,2
rosemary,19.97,61,7.6,5.98,29,1.69,64.85,1
rosemary,24.48,50,7.2,6.23,50,1.13,81.57,2
rosemary,17.48,48,6.7,6.76,66,1.25,64.13,1
rosemary,12.15,67,6.7,6.3,49,1.7,57.05,1
rosemary,26.66,47,7.0,6.79,24,1.23,82.8,2
rosemary,24.04,57,8.4,6.87,66,1.96,65.75,1
rosemary,24.15,50,6.7,6.62,62,1.12,81.39,2
rosemary,22.74,57,6.9,6.45,26,1.99,84.87,2
rosemary,18.53,59,7.7,6.43,26,1.09,70.75,2
rosemary,25.12,71,6.6,7.09,39,1.04,65.99,1
rosemary,22.59,40,7.3,6.52,62,1.92,74.07,2
rosemary,6.56,56,8.3,6.55,59,1.39,58.17,1
rosemary,22.36,47,7.0,6.55,59,2.02,79.39,2
rosemary,23.57,44,7.7,6.79,40,1.82,73.68,2
rosemary,41.48,60,7.1,6.69,62,1.66,61.29,1
rosemary,24.35,47,7.3,6.82,32,2.38,77.78,2
rosemary,29.72,61,5.8,6.37,31,1.35,68.68,1
rosemary,23.24,56,6.2,6.56,52,2.15,76.5,2
rosemary,28.33,53,7.4,6.43,71,1.43,78.15,2
rosemary,25.46,47,8.6,6.67,24,1.88,75.05,2
rosemary,33.52,54,6.8,6.31,64,0.93,64.77,1
rosemary,21.96,51,7.1,6.68,41,1.51,82.76,2
rosemary,25.79,55,7.9,6.73,30,1.09,79.23,2
rosemary,7.55,54,6.9,6.5,72,1.21,66.61,1
rosemary,34.82,46,6.6,5.93,63,2.26,49.26,1
rosemary,40.18,47,5.6,6.75,65,0.96,49.21,1
rosemary,45.64,61,6.4,6.5,78,1.02,56.86,1
rosemary,24.38,45,7.8,6.58,34,1.38,81.2,2
rosemary,18.4,55,7.7,6.52,12,1.87,76.09,2
rosemary,39.74,33,8.4,6.5,83,1.47,45.79,1
rosemary,25.65,55,6.8,6.44,29,1.36,89.66,2
rosemary,26.66,54,8.3,6.82,37,1.74,73.14,2
rosemary,20.88,58,5.2,6.6,48,1.99,63.65,1
rosemary,23.48,51,7.4,6.1,56,2.02,74.46,2
rosemary,23.94,62,6.7,6.47,53,1.16,80.06,2
rosemary,19.94,42,6.8,6.29,41,1.56,71.72,2
rosemary,26.65,51,7.3,6.44,28,1.28,87.25,2
rosemary,26.06,42,6.0,5.96,56,1.09,63.23,1
rosemary,21.34,52,7.9,6.36,35,1.42,77.43,2
rosemary,38.53,44,7.5,6.17,27,1.46,60.49,1
rosemary,18.78,61,5.7,6.57,49,1.71,63.26,1
rosemary,17.76,56,8.1,6.45,30,1.49,69.83,1
rosemary,21.13,43,9.0,6.18,68,1.66,54.65,1
rosemary,27.81,53,6.2,6.26,44,1.87,75.14,2
rosemary,25.13,54,6.4,6.24,27,2.05,82.53,2
rosemary,26.23,62,6.3,6.32,52,1.12,73.66,2
rosemary,43.44,41,7.6,6.54,46,2.22,57.63,1
rosemary,20.04,62,6.9,6.61,65,0.99,69.59,1
rosemary,23.77,49,6.3,6.67,58,2.29,74.55,2
rosemary,18.96,60,6.7,5.91,44,1.89,61.13,1
rosemary,25.97,59,7.2,6.37,26,0.97,83.7,2
rosemary,22.96,48,6.6,6.6,61,0.85,76.26,2
rosemary,26.87,47,7.8,6.55,42,1.19,78.41,2
rosemary,28.35,51,6.8,6.58,46,1.58,82.33,2
rosemary,20.71,54,7.0,6.34,20,1.21,83.01,2
rosemary,26.53,67,7.9,6.03,66,2.03,60.01,1
rosemary,25.47,57,6.3,6.24,60,1.24,76.04,2
rosemary,21.54,60,6.4,6.58,29,1.31,77.39,2
rosemary,33.39,52,7.2,6.28,49,0.86,66.82,1
rosemary,30.56,54,6.9,6.05,36,1.44,72.79,2
rosemary,30.3,53,7.8,6.73,63,1.09,67.45,1
rosemary,24.19,46,8.0,6.27,37,0.85,73.84,2
rosemary,22.21,51,6.8,6.57,39,2.02,82.45,2
rosemary,24.42,53,7.4,6.64,27,1.38,88.28,2
rosemary,24.8,57,6.9,6.57,61,1.5,86.04,2
rosemary,19.22,56,7.3,6.25,50,1.83,70.3,2
rosemary,20.18,59,6.9,6.63,57,1.32,74.07,2
rosemary,14.38,63,6.9,6.35,57,1.49,61.76,1
rosemary,26.68,58,6.4,6.83,55,0.38,68.78,1
rosemary,25.61,60,5.9,6.76,23,1.33,76.69,2
rosemary,45.08,54,6.4,6.0,65,1.43,54.96,1
rosemary,17.34,51,7.4,6.86,62,1.07,62.57,1
rosemary,23.7,59,8.3,6.06,58,1.63,66.01,1
rosemary,29.35,57,7.6,6.65,31,1.2,75.17,2
rosemary,30.88,43,6.1,6.35,28,1.54,68.59,1
rosemary,18.79,50,7.9,6.81,39,1.38,66.96,1
rosemary,23.7,53,6.0,6.7,53,1.63,77.38,2
rosemary,36.96,49,6.5,6.6,30,1.58,67.46,1
rosemary,10.02,52,5.7,6.37,53,1.99,57.33,1
rosemary,20.58,56,7.4,6.42,41,1.61,78.05,2
rosemary,25.63,57,6.9,6.55,33,1.02,87.18,2
rosemary,35.61,35,6.3,6.19,48,1.62,50.59,1
rosemary,24.35,55,7.3,6.63,62,1.59,83.04,2
rosemary,17.8,55,9.4,6.47,84,1.45,56.25,1
rosemary,21.45,57,8.1,6.46,49,1.4,73.65,2
rosemary,15.56,46,7.6,6.18,41,1.85,58.71,1
rosemary,17.89,45,8.2,6.36,34,2.1,61.62,1
rosemary,28.86,58,6.9,6.44,40,2.04,78.62,2
rosemary,48.71,44,6.2,6.78,69,1.89,51.49,1
rosemary,21.27,54,7.5,6.6,31,1.39,80.91,2
rosemary,25.02,52,5.4,6.67,34,1.31,78.45,2
rosemary,40.38,52,7.7,5.94,61,1.76,53.24,1
rosemary,32.7,45,7.1,6.68,65,1.18,64.86,1
rosemary,23.88,52,6.5,6.73,51,2.02,79.22,2
rosemary,21.82,52,7.0,6.3,46,1.44,82.47,2
rosemary,20.22,56,5.8,6.55,35,1.92,71.24,2
rosemary,34.93,45,6.5,6.48,76,1.89,58.68,1
rosemary,25.83,58,8.6,6.88,39,1.55,69.62,1
rosemary,31.52,44,6.6,6.92,45,1.26,62.83,1
